latitude,longitude
35.044163,-80.83503
35.044163,-80.83503
26.142036,-81.794807
26.142036,-81.794807
38.572265,-90.405355
30.493066,-87.1831
38.122917,-84.459267
36.491389,-78.225218
36.134471,-115.159322
32.0439008,-81.0066202
29.741446,-91.432892
34.597397,-92.522308
34.597397,-92.522308
35.4624004,-97.6195308
29.741446,-91.432892
42.273711,-83.739957
37.479267,-82.518761
37.479267,-82.518761
36.824431,-88.433088
42.829511,-86.103809
30.493066,-87.1831
35.151456,-85.172061
32.0439008,-81.0066202
29.632627,-90.756932
32.363009,-111.135637
34.24828,-88.715858
26.291222,-98.140032
34.24828,-88.715858
38.191948,-85.561871
30.381041,-88.753914
25.788969,-80.22644
25.788969,-80.22644
32.926514,-96.896118
42.400855,-71.140912
32.926514,-96.896118
42.829511,-86.103809
41.666077,-72.778908
29.842570,-95.506284
38.903973,-76.796444
39.156803,-108.729904
35.151456,-85.172061
35.65137421666667,-84.75187518333334
38.934876,-77.023045
39.483096,-76.297561
38.787879,-93.696147
37.388808,-120.726770
36.47155411666667,-88.32188251666666
39.25926006666667,-121.65445925
32.659611,-97.143824
40.005470,-74.376927
32.807122,-79.882720
35.203934,-89.781731
29.501625,-97.452492
30.493066,-87.1831
47.130142,-119.278076
47.130142,-119.278076
32.531219,-96.80723
35.203934,-89.781731
32.36301,-111.135635
32.36301,-111.135635
30.063236,-90.581592
48.25423005,-102.35255433333333
35.511271,-97.735612
41.637105,-87.989447
41.563116,-81.487702
28.044248,-82.745805
30.29203,-90.981888
32.679016,-97.424621
35.624436,-120.674409
35.872585,-97.498154
35.872585,-97.498154
33.823189,-84.511925
38.609083,-92.218996
25.831360,-80.249299
35.755726,-86.914574
40.223179,-85.391361
35.872585,-97.498154
35.872585,-97.498154
35.203934,-89.781731
39.65198,-76.4174309
43.700734,-73.010478
32.33983323333333,-84.97552963333334
30.003536,-91.818726
35.205482,-101.836136
26.291222,-98.14003
26.291222,-98.14003
30.003536,-91.818726
41.0242256,-80.6628528
42.202244,-75.841248
30.063236,-90.581589
35.205482,-101.836136
30.224091,-92.019844
42.202244,-75.841248
39.65198,-76.4174309
37.92815052,-121.22826352
41.5900947,-87.5074979
44.13819,-78.954295
30.224091,-92.019844
38.751445,-76.083886
36.945132,-120.09415
40.1645442,-80.2332384
25.573423,-80.33802
30.332184,-81.655647
25.573423,-80.33802
29.762884,-95.383064
41.5900947,-87.5074979
30.372182,-91.067328
29.762884,-95.383064
32.781354,-97.307346
39.65198,-76.4174309
36.494046,-78.222549
36.303731,-86.699274
42.1479906,-84.3917994167
42.1972639,-83.257432
29.568400,-98.385184
40.014977,-111.649826
37.974766,-87.555847
37.974766,-87.555847
31.7638955,-90.563609
40.014977,-111.649826
42.829511,-86.103809
39.004562,-94.76532
42.1479906,-84.3917994167
30.332184,-81.655647
38.751446,-76.083885
38.751446,-76.083885
39.519052,-85.777362
39.004562,-94.76532
42.1972639,-83.257432
37.387658,-122.087711
39.519052,-85.777362
33.592552,-88.649744
38.68141455,-121.4837136
35.509209,-97.746656
41.024227,-80.662849
32.411183,-96.853851
36.335806,-82.396589
34.73037,-86.586105
42.9210901,-85.666377
41.5900947,-87.5074979
34.73037,-86.586105
42.919928,-82.466340
31.7638955,-90.563609
32.776566,-79.930923
29.741446,-91.432892
30.234630,-93.380012
29.795763,-90.822868
29.795763,-90.822868
39.401497,-76.601913
29.741446,-91.432892
32.776566,-79.930923
41.695316,-87.612465
35.15139538333333,-85.17218071666667
37.388026,-120.722352
40.014977,-111.649826
42.7051469,-87.799123
41.067546,-76.231075
42.1479906,-84.3917994167
40.223179,-85.391357
40.223179,-85.391357
36.955772083333336,-84.59063026666666
39.519052,-85.777362
41.570614,-88.116021
37.906315,-122.064964
32.530696,-96.821279
37.906315,-122.064964
42.1972639,-83.257432
33.33275556564331,-89.76325213909149
36.849422,-119.746597
39.902195,-74.996857
38.78788,-93.696144
39.519052,-85.777362
38.78788,-93.696144
42.7051469,-87.799123
37.387657,-122.087708
47.851798,-122.264115
39.902195,-74.996857
30.168615,-81.533348
39.401497,-76.601913
37.387657,-122.087708
30.168615,-81.533348
36.945133,-120.094147
39.156803,-108.729904
36.945133,-120.094147
32.3398332,-84.97553013333334
27.315363,-82.458702
39.401497,-76.601913
27.506407,-99.507545
27.315363,-82.458702
34.141719,-118.380758
27.506407,-99.507545
36.955834466666666,-84.59033843333333
35.755726,-86.914574
38.377451,-81.686473
39.401497,-76.601913
35.755726,-86.914574
29.424122,-98.493629
39.65204668,-76.41699948
26.856197,-80.094111
29.424122,-98.493629
39.672169,-104.826346
39.401497,-76.601913
32.339833133333336,-84.9755301
39.480606,-86.054985
39.156803,-108.729904
39.480606,-86.054985
32.781353,-97.307343
34.10245,-84.527308
38.415702716666665,-78.99560268333333
29.424122,-98.493629
32.781353,-97.307343
29.424122,-98.493629
41.171928,-80.727715
36.3794526,-87.3943419
39.828678,-75.181129
36.4288283,-82.4626101
37.759529,-87.132003
41.070019,-81.490318
40.783436,-73.966248
41.070019,-81.490318
40.783436,-73.966248
32.659752,-97.145706
41.171928,-80.727715
41.067547,-76.231071
41.942557,-71.280441
41.171928,-80.727715
41.067547,-76.231071
36.149244216666666,-86.77466576666667
32.659752,-97.145706
46.640930,-92.451978
42.77127135,-73.8944530833
39.964973,-82.961500
33.166117,-87.540481
29.4801834,-95.0701955
38.609081,-92.218994
27.723938,-97.450138
38.609081,-92.218994
32.781353,-97.307343
39.710854,-75.562424
32.422627,-89.078804
39.710854,-75.562424
36.3794526,-87.3943419
38.277569,-85.737183
41.563116,-81.487702
29.4801834,-95.0701955
42.77127135,-73.8944530833
28.538336,-81.379234
36.4288283,-82.4626101
28.538336,-81.379234
35.177231,-106.619094
36.849422,-119.746597
38.377451,-81.686473
32.422626,-89.078804
32.422626,-89.078804
31.7638955,-90.563609
35.583174,-92.465438
43.37674,-72.346756
43.37674,-72.346756
30.033939,-95.170613
29.784199,-95.374800
41.929451,-88.130188
41.929451,-88.130188
41.942557,-71.280441
34.102451,-84.527306
42.7051469,-87.799123
32.298756,-90.184807
39.711798,-86.111628
32.298756,-90.184807
34.102451,-84.527306
37.332712,-120.490480
31.772955,-106.380989
37.386612,-120.718815
31.772955,-106.380989
31.812050,-97.088933
29.4801834,-95.0701955
41.942557,-71.280441
36.4288283,-82.4626101
32.33983315,-84.9755301
43.442223,-71.589447
43.442223,-71.589447
41.683997,-72.709347
33.58951,-86.665056
38.377453,-81.68647
30.385170,-87.052583
33.924271,-84.37854
41.683997,-72.709347
38.377453,-81.68647
33.924271,-84.37854
42.77127135,-73.8944530833
39.745834,-75.546669
39.745834,-75.546669
36.303857,-86.700077
37.760314,-121.978714
48.2547877,-102.3511494
35.049278,-89.829919
38.216604,-90.400930
40.014977,-111.649826
40.014977,-111.649826
38.564999,-90.400534
34.141628,-118.378951
34.579514,-112.484283
36.9627555,-86.4674452
29.424122,-98.493629
34.579514,-112.484283
29.424122,-98.493629
37.5104516745,-120.859549642
32.448734,-99.733147
41.942557,-71.280441
37.041460,-85.908896
32.448734,-99.733147
38.564999,-90.400534
48.2547877,-102.3511494
35.177887,-106.621262
35.177887,-106.621262
36.303856,-86.700073
38.3226101,-121.3258911
33.52066,-86.80249
33.445655,-86.830037
36.303856,-86.700073
30.054852,-95.430517
33.52066,-86.80249
34.73037,-86.586105
30.705574,-88.204071
37.759529,-87.132004
32.298756,-90.184807
34.73037,-86.586105
37.759529,-87.132004
35.671676,-79.833392
30.705574,-88.204071
40.073022,-74.784507
39.481384,-75.69062
32.509312,-92.119301
32.509312,-92.119301
36.207729,-119.347336
38.3226101,-121.3258911
35.671676,-79.833392
36.207729,-119.347336
32.758538,-97.105406
41.878113,-87.629799
41.878113,-87.629799
32.448734,-99.733147
38.564999,-90.400534
41.708946,-85.985283
41.708946,-85.985283
37.5104516745,-120.859549642
36.494324,-78.222198
36.494324,-78.222198
32.679016,-97.424621
32.531215,-96.80721
40.296806,-74.497025
29.48028822,-95.070294
40.1645442,-80.2332384
40.296806,-74.497025
33.209843,-87.569176
35.509209,-97.746656
33.209843,-87.569176
41.703068,-85.981238
37.385199,-120.714865
33.4947605,-84.18768776666667
48.2547877,-102.3511494
39.481384,-75.69062
36.429430,-94.788370
36.190181,-86.688192
39.964809,-82.960953
41.616459,-71.472741
38.3226101,-121.3258911
39.964809,-82.960953
39.672169,-104.826347
32.996776,-96.605654
32.566242,-92.027321
39.672169,-104.826347
37.7308878333,-81.2374414833
40.1645442,-80.2332384
32.566242,-92.027321
32.758537,-97.105408
32.758537,-97.105408
35.7114448,-81.76585853333333
39.565467,-104.899065
38.43259,-82.020134
38.564999,-90.400534
37.7308878333,-81.2374414833
32.566242,-92.027321
40.927918,-74.101874
37.75959,-121.977852
34.722406,-77.340425
35.005963,-77.786724
38.216604,-90.40093
37.75959,-121.977852
41.4563425,-74.38742443333334
38.82444,-77.220627
38.82444,-77.220627
39.8179088,-84.2658
43.610622,-72.972603
32.298756,-90.184807
43.610622,-72.972603
32.354668,-89.398529
32.679016,-97.424622
32.679016,-97.424622
39.8179088,-84.2658
36.494324,-78.222198
39.481384,-75.69062
36.158466,-81.147583
35.005963,-77.786724
36.158466,-81.147583
27.677647,-97.303731
32.354668,-89.398529
28.982462,-98.422829
28.982462,-98.422829
30.694357,-88.043053
34.727350,-77.336654
34.2915182,-86.6776287
39.887558,-82.727632
30.694357,-88.043053
38.455589,-81.936508
38.455589,-81.936508
39.922094,-80.730993
38.746523,-82.979069
41.64753,-88.089508
41.64753,-88.089508
29.971062,-95.529311
39.481384,-75.69062
38.047649,-84.495656
36.494324,-78.222198
38.216602,-90.400932
37.7308878333,-81.2374414833
38.216602,-90.400932
30.278038,-91.243202
34.2915182,-86.6776287
30.278038,-91.243202
32.679016,-97.424622
43.801671,-91.238746
27.677647,-97.303731
41.6557401,-73.75165036666667
36.958490,-87.641870
41.509476,-90.578751
37.7308878333,-81.2374414833
36.418180,-94.759452
36.4288283,-82.4626101
39.644985,-106.5942
39.644985,-106.5942
42.1972639,-83.257432
35.005963,-77.786724
29.2402511,-81.058906
32.659735,-97.149141
39.662223,-86.309514
41.695316,-87.612465
39.8179088,-84.2658
41.695316,-87.612465
29.216713,-81.08912500000001
46.798744,-92.102425
31.109126,-97.676954
36.190182,-86.688194
36.190182,-86.688194
41.695316,-87.612465
34.2915182,-86.6776287
29.216713,-81.08912500000001
42.1972639,-83.257432
39.8179088,-84.2658
39.866645,-75.860871
40.058323,-74.405663
40.058323,-74.405663
37.2650566,-81.2221591
41.4563425,-74.3874244333
41.4563425,-74.38742443333334
42.77127136666667,-73.89445305
39.481384,-75.69062
33.926654,-84.402361
41.683998,-72.709351
29.016526,-81.237845
29.2402511,-81.058906
40.1645442,-80.2332384
41.456343483333335,-74.38742948333334
41.683998,-72.709351
35.311679,-78.602635
36.700988,-85.158613
31.109126,-97.676954
39.568008,-104.903946
39.866988,-80.670335
35.492555,-97.519172
38.323204,-85.608590
41.4563425,-74.3874244333
38.43259,-82.020134
38.43259,-82.020134
41.703983,-85.980576
41.703983,-85.980576
35.311679,-78.602635
36.248473,-93.103364
33.086163,-97.076736
26.917524,-82.262811
18.409329,-66.210573
38.367126,-81.687508
36.418180,-94.759452
33.086163,-97.076736
35.744566,-84.017806
30.474305,-92.428654
35.509209,-97.746658
46.991455,-122.776190
35.492555,-97.519172
42.1972639,-83.257432
42.788995,-83.782299
35.509209,-97.746658
39.672169,-104.826347
29.2402511,-81.058906
41.025697,-92.362215
42.190838,-87.808150
42.190838,-87.808150
38.609081,-92.218994
38.609081,-92.218994
31.109126,-97.676954
30.267153,-97.743057
30.267153,-97.743057
26.537672,-80.094187
37.2650566,-81.2221591
41.4563425,-74.3874244333
35.193550,-101.866087
34.579514,-112.484283
38.746525,-82.979073
34.579514,-112.484283
27.677647,-97.303731
32.566242,-92.027321
32.566242,-92.027321
39.542191,-119.728493
36.9558344667,-84.5903384333
39.542191,-119.728493
42.864334,-87.913864
34.168339,-118.605919
34.168339,-118.605919
38.421553,-82.733748
42.940199,-81.241915
42.864334,-87.913864
37.2650566,-81.2221591
35.064069,-90.026598
43.801671,-91.238746
41.942557,-71.280441
44.763058,-85.620628
44.763058,-85.620628
36.9558344667,-84.5903384333
35.859833,-84.070976
35.859833,-84.070976
36.16589,-86.784447
36.16589,-86.784447
35.492555,-97.519172
32.759296,-97.797256
32.759296,-97.797256
42.443014,-83.290124
29.705589,-95.301224
35.8281364,-83.5730234
41.584915116666664,-73.01820368333334
39.567101,-104.904793
34.039567,-118.144004
18.409329,-66.210573
38.772137,-77.441668
41.08332057,-85.33779064
31.109126,-97.676954
41.024227,-80.662849
41.024227,-80.662849
35.130721,-89.948839
35.62438666820526,-120.67439675331116
33.509951,-86.788513
42.791973,-83.627724
35.8281364,-83.5730234
40.116395,-88.240773
42.791973,-83.627724
38.948459,-76.586852
39.866988,-80.670335
38.40813488333333,-78.98566215
30.452135,-91.210106
32.298756,-90.184807
39.745834,-75.546669
32.298756,-90.184807
30.452135,-91.210106
36.42873165,-82.46254175
40.783436,-73.966248
40.783436,-73.966248
39.867793,-75.864377
33.843770,-83.709575
38.766945,-77.465149
30.233044,-93.163099
38.772137,-77.441668
33.618912,-117.928947
33.618912,-117.928947
42.583645,-83.245491
40.025333,-75.045894
35.00573522,-77.7865911
38.685952,-90.001160
36.42873165,-82.46254175
35.8281364,-83.5730234
39.71183,-86.111725
32.250233,-95.361038
38.220924,-82.203751
39.71183,-86.111725
39.745834,-75.546669
43.65178,-116.685243
38.220924,-82.203751
32.250233,-95.361038
33.855584,-117.998301
35.551052,-97.62469166666666
39.553027,-119.713007
32.531215,-96.80721
40.35258855,-86.88899258333333
32.267511,-110.911622
39.866989,-80.670334
39.866989,-80.670334
33.601771,-92.064617
40.35288823333333,-86.8854507
29.762884,-95.383064
37.639095,-120.99688
40.11325854,-83.08298906
29.762884,-95.383064
37.639095,-120.99688
33.870293,-117.925339
39.78719651699066,-84.20864939689636
33.870293,-117.925339
35.00573522,-77.7865911
38.766945,-77.465149
34.102441,-84.527277
33.858852,-118.002440
39.961178,-82.998795
38.772137,-77.441666
39.961178,-82.998795
39.644985,-106.5942
38.772137,-77.441666
39.644985,-106.5942
35.62438666820526,-120.67440211772919
38.986458,-76.85783
41.942557,-71.280441
35.00573522,-77.7865911
35.6243866682,-120.674402118
35.00560284,-77.78658752
38.042765,-84.492942
35.523483,-97.58086
34.91415505,-81.90650243333333
37.10284,-85.306351
37.10284,-85.306351
38.40811513333333,-78.98541676666666
32.866373,-96.303190
39.78718042373657,-84.20863330364227
30.450747,-91.154549
30.450747,-91.154549
38.421555,-82.733749
38.421555,-82.733749
38.948508,-76.93645
47.606209,-122.332069
47.606209,-122.332069
38.4080331,-78.98397775
18.409329,-66.210573
35.6243866682,-120.674402118
37.10284,-85.306351
37.113715,-76.518022
39.747629,-75.550677
38.68141455,-121.4837136
29.705589,-95.301224
35.00573522,-77.7865911
41.538931131362915,-90.6206738948822
29.705589,-95.301224
39.747629,-75.550677
39.542191,-119.728493
35.195652,-101.866142
35.195652,-101.866142
35.523483,-97.58086
33.95335,-117.396156
33.95335,-117.396156
43.117401,-71.892609
38.68141455,-121.4837136
30.054852,-95.430517
32.531215,-96.80721
41.657213,-83.608619
29.971062,-95.529312
43.117401,-71.892609
41.9853744,-91.6820351
29.971062,-95.529312
35.6243866682,-120.674402118
34.10244,-84.527275
35.00560284,-77.78658752
35.523483,-97.58086
38.958504,-76.580343
34.10244,-84.527275
41.942557,-71.280441
39.868784,-82.833574
38.407992183333334,-78.98302428333334
40.395706,-111.834164
42.190838,-87.808151
40.486427,-86.133606
32.58631,-96.933044
32.739356,-97.792447
42.190838,-87.808151
35.9645223,-78.922538
40.486427,-86.133606
41.9853744,-91.6820351
32.734375,-97.782930
39.046635,-95.612328
41.942557,-71.280441
39.046635,-95.612328
39.542191,-119.728493
43.671145,-79.384946
39.542191,-119.728493
41.68121,-83.605011
41.68121,-83.605011
18.39736111111111,-66.13375
45.086642,-93.3573289
39.922346,-82.855459
29.138315,-80.995613
29.138315,-80.995613
35.6565036,-88.82758923333333
41.618332,-71.471672
37.668819,-122.080795
30.29203,-90.981888
37.668819,-122.080795
41.618332,-71.471672
38.042767,-84.492943
38.042767,-84.492943
38.685982,-90.001247
30.29203,-90.981888
45.086642,-93.3573289
35.671676,-79.833392
35.693968983333335,-88.83058745
35.523483,-97.58086
32.280795,-95.324512
41.9853744,-91.6820351
37.381519,-120.706619
30.453482,-91.094903
40.3528882333,-86.8854507
37.73118636666667,-81.2375335
33.815873483333334,-79.44145206666667
41.942557,-71.280441
38.68141455,-121.4837136
35.82802677,-83.57265711
39.868936,-75.867853
30.054852,-95.430519
39.781445,-79.562688
39.866724,-82.831971
33.086163,-97.076736
30.054852,-95.430519
35.671676,-79.833392
40.3528882333,-86.8854507
33.086163,-97.076736
37.113715,-76.518022
36.857277,-88.350311
36.857277,-88.350311
39.553027,-119.713007
38.766945,-77.465149
39.9148349,-83.144794
32.425223,-90.103279
41.0953151,-85.111488
27.712234,-97.385931
27.712234,-97.385931
36.086371,-80.219538
32.298756,-90.184807
40.413034,-111.882096
32.386532,-96.848328
30.797534,-90.975527
32.386532,-96.848328
36.09638888888889,-80.21638888888889
39.9148349,-83.144794
32.298756,-90.184807
39.122287,-86.531364
35.181352,-106.636910
35.959545,-95.369415
30.675944,-88.151559
35.959545,-95.369415
18.409329,-66.210573
40.3528882333,-86.8854507
47.234020,-119.831710
30.098261,-95.546131
36.861720,-119.738231
39.78936,-79.51437
30.456603,-91.093173
32.740869,-97.413394
39.683114,-75.587633
41.0953151,-85.111488
36.770007,-119.730521
34.257607,-88.703384
38.239454683333335,-85.72274246666667
28.11157642,-81.45573877
33.858887,-118.001521
29.622543,-82.378204
31.837058,-90.419276
34.257607,-88.703384
40.11325854,-83.08298906
26.159783,-80.117079
40.489262,-74.863853
41.08224505,-73.8200808375
40.489262,-74.863853
26.137360,-80.120573
38.461441,-90.091774
38.461441,-90.091774
34.582476,-86.98667
33.601771,-92.064617
26.137360,-80.120573
26.142036,-81.794807
32.457623,-99.871483
40.11325854,-83.08298906
32.457623,-99.871483
42.304974,-87.891175
36.158867,-115.139305
36.158867,-115.139305
34.727323,-77.336707
38.461441,-90.091774
45.086642,-93.3573289
34.582476,-86.98667
32.734375,-97.782928
28.11157642,-81.45573877
26.142036,-81.794807
32.734375,-97.782928
38.659378,-90.549646
40.292323,-79.399467
32.457623,-99.871483
27.712234,-97.385933
27.712234,-97.385933
39.9148349,-83.144794
42.7262,-71.190895
42.7262,-71.190895
38.685982,-90.001244
38.685982,-90.001244
32.31823,-86.902298
39.748333,-105.142319
39.748333,-105.142319
33.858887,-118.001518
33.858887,-118.001518
39.248063,-84.443709
32.31823,-86.902298
38.925941,-79.846733
38.925941,-79.846733
29.424122,-98.493629
29.424122,-98.493629
34.1973852,-80.9650023
35.102975,-85.236578
39.553028,-119.713005
47.050272,8.310137
41.618324,-71.471718
39.553028,-119.713005
34.914341,-81.90658
41.618324,-71.471718
34.1973852,-80.9650023
33.510622,-86.788494
34.727322,-77.336708
39.78936,-79.51437
36.505962,-78.212257
36.505962,-78.212257
32.775951,-97.400284
29.424122,-98.493629
34.582476,-86.98667
40.927917,-74.101875
34.914341,-81.90658
33.436390,-86.842169
41.6753170167,-86.9127082833
40.927917,-74.101875
38.998734,-77.039767
35.023434,-98.022552
32.455584,-96.94607
40.823593,-73.448833
35.101754,-85.241165
43.802003,-79.215801
29.842570,-95.506284
42.219949,-88.289846
32.425223,-90.103279
45.930655,-89.885481
33.51062,-86.78849
33.51062,-86.78849
39.78936,-79.51437
32.775951,-97.400284
40.765343,-111.970192
36.155832,-79.717265
35.6939689833,-88.83058745
30.245516,-92.013539
40.025333,-75.045894
33.912598,-118.043068
32.802956,-96.76992
37.113716,-76.518021
33.912598,-118.043068
32.802956,-96.76992
30.4363882542,-91.1872476339
39.7871804237,-84.2086333036
42.219949,-88.289846
37.113716,-76.518021
39.78717505931854,-84.20863330364227
35.184187,-89.792105
33.43639,-86.842169
40.285923,-76.650246
40.285923,-76.650246
40.315388,-111.676559
35.064069,-90.026598
35.6939689833,-88.83058745
36.158867,-115.139305
40.30580561428571,-76.94090604285715
28.11157642,-81.45573877
26.907261,-99.271423
34.866199,-92.110146
29.821907,-98.008116
34.866199,-92.110146
42.499775,-71.215496
35.149532,-90.048981
41.327534,-89.128975
35.149532,-90.048981
38.660282,-90.547398
41.327534,-89.128975
37.944489,-87.405289
37.944489,-87.405289
34.914341,-81.90658
39.172682,-84.423159
33.601772,-92.064613
33.601772,-92.064613
26.907261,-99.271423
36.770008,-119.730522
41.327534,-89.128975
39.78718042373657,-84.2086386680603
39.7871804237,-84.2086333036
33.926654,-84.402361
36.770008,-119.730522
33.43639,-86.842171
33.43639,-86.842171
41.139534,-80.870301
35.9647068,-78.9227045
38.609081,-92.218994
38.609081,-92.218994
39.78936,-79.51437
28.225937,-82.690284
41.147042,-80.880791
32.58631,-96.933045
39.570473,-104.904251
35.9647068,-78.9227045
40.504022,-78.405779
41.025697,-92.362215
39.937613,-79.729416
43.071834,-79.088685
35.182182,-106.640251
35.182182,-106.640251
34.73037,-86.586105
34.73037,-86.586105
32.280823,-95.324028
32.280823,-95.324028
39.922737,-82.855011
39.922737,-82.855011
30.4363882542,-91.1872476339
39.541764,-119.715797
41.025697,-92.362215
42.219949,-88.289846
36.05895833333334,-119.30715291666667
35.6939689833,-88.83058745
40.823593,-73.448833
32.425224,-90.103279
39.156803,-108.729904
41.43210186,-87.24668187
32.425224,-90.103279
35.15139538333333,-85.17218071666667
32.298756,-90.184807
39.156803,-108.729904
33.197247,-96.639786
32.298756,-90.184807
33.5608077049,-86.7262297869
29.638933,-81.807229
39.541332,-119.715978
33.197247,-96.639786
36.038846,-86.758274
43.227860,-70.882577
32.461672,-93.747055
39.7871804237,-84.2086333036
36.673985,-121.63324
33.5608077049,-86.7262297869
44.558804,-72.577843
44.558804,-72.577843
30.353228,-87.273723
30.29203,-90.981888
40.504022,-78.405779
38.2138324,-85.8350018
44.474549,-88.109820
35.9647068,-78.9227045
35.101784,-85.241051
35.101784,-85.241051
29.971062,-95.529312
32.01099,-97.130005
32.01099,-97.130005
34.102797,-118.289026
35.441196,-89.778137
41.433949,-79.706444
35.441196,-89.778137
41.025697,-92.362215
26.018177,-80.159607
26.018177,-80.159607
41.433949,-79.706444
38.660282,-90.547401
41.011665,-95.227219
41.011665,-95.227219
38.660282,-90.547401
35.788425,-83.554337
35.788425,-83.554337
37.270702,-76.707458
37.270702,-76.707458
38.2138324,-85.8350018
30.29203,-90.981888
40.312916,-111.676354
40.765343,-111.970192
40.11325854,-83.08298906
40.765343,-111.970192
35.441196,-89.778137
28.225937,-82.690285
33.5608077049,-86.7262297869
28.225937,-82.690285
33.277127,-86.842381
31.724613,-96.165245
31.724613,-96.165245
40.11325854,-83.08298906
26.137543,-80.122986
26.137543,-80.122986
37.906315,-122.064964
37.906315,-122.064964
39.541332,-119.715981
25.489795,-80.4135639
39.541332,-119.715981
36.096626,-80.230069
35.461463,-97.619832
37.906315,-122.064964
29.762884,-95.383064
28.350758,-82.220781
30.4363882542,-91.1872476339
29.762884,-95.383064
25.489795,-80.4135639
36.096626,-80.230069
38.633469,-90.574112
37.954317,-121.786774
38.633469,-90.574112
34.98210926666667,-92.07205813333333
41.327534,-89.128975
26.122309,-80.143379
26.122309,-80.143379
41.327534,-89.128975
38.894279,-77.431099
40.504022,-78.405779
38.894279,-77.431099
38.911191,-77.044746
40.043265,-75.40746
38.277569,-85.737183
31.724613,-96.165245
39.937614,-79.729416
39.937614,-79.729416
41.327534,-89.128975
40.339395,-80.048054
33.779552578926086,-84.41059291362762
36.096626,-80.230069
42.621634,-82.911580
35.395285,-80.578129
32.31823,-86.902298
40.927917,-74.101875
39.768799666666666,-89.7046903
40.086426,-75.253738
38.3725462,-81.6548346
40.086426,-75.253738
39.172684,-84.423157
39.172684,-84.423157
31.845682,-102.367645
34.181057,-86.840755
25.489795,-80.4135639
35.711611,-81.765878
36.16589,-86.784447
36.16589,-86.784447
31.845682,-102.367645
30.254560,-92.014911
35.461463,-97.619832
40.116701,-88.242976
35.711611,-81.765878
38.727171,-93.568084
38.3725462,-81.6548346
34.102797,-118.289026
33.197247,-96.639786
35.8281296,-83.5730265
35.096031,-83.708660
41.147041,-80.880791
30.675944,-88.151559
40.823593,-73.44883
39.748917,-75.55117
41.147041,-80.880791
39.748917,-75.55117
35.711611,-81.765878
40.823593,-73.44883
37.741071,-97.244737
37.741071,-97.244737
35.8281296,-83.5730265
40.076432,-74.101127
35.461463,-97.619832
41.65439558333333,-83.59201605
30.153111,-91.959450
32.31823,-86.902298
33.197247,-96.639786
40.11325854,-83.08298906
30.098232,-95.546115
39.748917,-75.55117
39.871832,-75.877020
35.128184,-89.861843
39.51901453,-85.77724455
40.11325854,-83.08298906
34.779249,-77.398657
35.8281296,-83.5730265
40.116699,-88.242973
40.116699,-88.242973
41.011665,-95.227219
41.011665,-95.227219
33.5608077049,-86.7262297869
43.802192,-79.216303
45.122717,-93.177853
40.038967,-76.055063
40.752018,-73.611341
30.29203,-90.981888
47.978985,-122.20208
30.456602,-91.09317
47.978985,-122.20208
30.456602,-91.09317
41.9853744,-91.6820351
30.29203,-90.981888
34.500832,-117.185875
30.523078,-97.863083
30.456602,-91.09317
41.654382016666666,-83.59197485
41.9853744,-91.6820351
40.769246,-73.955919
30.153111,-91.95945
40.11325854,-83.08298906
38.3725462,-81.6548346
41.53881847858429,-90.62062561511993
40.339395,-80.048054
29.961162,-90.096487
26.712861,-81.835195
30.160202,-91.990967
30.160202,-91.990967
37.741071,-97.244737
31.7638955,-90.563609
30.29203,-90.981888
33.277127,-86.842381
39.769387,-105.029908
36.59385171666667,-94.75545528333333
30.29203,-90.981888
41.53876483440399,-90.62043249607086
33.974949,-84.500359
41.163503,-73.862685
32.31823,-86.902298
41.6543820167,-83.59197485
41.501498222351074,-72.74981260299683
33.974949,-84.500359
39.51901453,-85.77724455
35.738164,-97.512031
29.971062,-95.529312
35.5539205,-80.8530972
39.968749,-86.194568
41.6543820167,-83.59197485
37.050613,-93.270631
39.922972,-86.095349
28.579951,-81.477143
28.579951,-81.477143
42.43436,-83.287565
29.609705,-90.733511
42.537971,-83.135323
42.537971,-83.135323
42.77127143333333,-73.8944532
33.428444,-94.122574
41.163503,-73.862685
33.428444,-94.122574
35.5539205,-80.8530972
33.103172,-96.670547
32.905804,-83.686249
30.153111,-91.95945
30.257263,-92.015312
38.727171,-93.568084
32.905804,-83.686249
30.257263,-92.015312
33.103172,-96.670547
39.51902132,-85.77724776
30.153111,-91.95945
42.331429,-83.045753
39.968749,-86.194568
32.31823,-86.902298
42.331429,-83.045753
35.395285,-80.578129
30.29203,-90.981888
47.423458,-120.310349
35.7477146387,-95.3290987015
47.423458,-120.310349
30.29203,-90.981888
42.77127143333333,-73.89445318333334
32.941235,-97.134178
35.395285,-80.578129
35.580753,-97.632506
32.267511,-110.911622
38.727171,-93.568084
32.941235,-97.134178
38.252666,-85.758453
38.252666,-85.758453
37.74107,-97.244736
40.348703,-81.283910
37.74107,-97.244736
29.356348,-98.115562
34.7012796,-86.5917728
35.074063,-89.749940
35.7477146387,-95.3290987015
33.912598,-118.043068
28.035336,-82.787642
29.356348,-98.115562
42.083834,-87.981792
38.727171,-93.568084
34.73037,-86.586105
34.73037,-86.586105
39.156803,-108.729904
35.106941,-83.003059
39.156803,-108.729904
35.106941,-83.003059
41.6543820167,-83.59197485
28.035336,-82.787642
31.7638955,-90.563609
43.227859,-70.882576
38.252666,-85.758453
43.227859,-70.882576
45.9419533,-89.8841833
35.395285,-80.578129
34.204384,-101.708183
34.204384,-101.708183
34.17315551,-85.22663251
33.750529,-84.396079
41.286058,-72.936288
40.076432,-74.101127
41.286058,-72.936288
28.660942,-81.35318
28.660942,-81.35318
41.6587833,-73.7470676
33.448376,-112.074036
33.448376,-112.074036
39.284617,-76.614030
35.7477146387,-95.3290987015
40.927917,-74.101875
40.165504,-76.29583
40.165504,-76.29583
42.7712714333,-73.8944531833
39.968749,-86.194568
45.9419533,-89.8841833
38.727171,-93.568084
35.5539205,-80.8530972
42.083836,-87.981789
42.7712714333,-73.8944531833
37.974766,-87.555847
37.974766,-87.555847
42.083836,-87.981789
41.6587833,-73.7470676
35.5539205,-80.8530972
35.82802326,-83.57267115
40.498262,-78.408800
45.122719,-93.177856
45.122719,-93.177856
49.269574,-123.16492
40.498262,-78.408800
42.071847,-88.2940969
40.739019,-74.032718
36.831185,-119.890554
38.575691,-77.30238
40.878015616666666,-81.10557735
44.2856166,-121.54449736666666
45.9419533,-89.8841833
47.405037,-120.327911
39.710854,-75.562424
47.405037,-120.327911
42.071847,-88.2940969
39.710854,-75.562424
34.930637,-82.018913
42.7712714333,-73.8944531833
41.65436161666667,-83.59198285
34.930637,-82.018913
33.748997,-84.387985
40.49826,-78.408798
40.49826,-78.408798
33.748997,-84.387985
36.534088,-121.868401
30.529967,-97.623341
41.6587833,-73.7470676
43.203733,-86.221341
36.534088,-121.868401
32.572941,-85.581795
32.572941,-85.581795
36.5979508,-94.7432639
43.203733,-86.221341
35.13038095,-85.23687471666666
27.906828,-82.834594
40.076431,-74.101128
40.076431,-74.101128
42.791973,-83.627724
45.816248,-88.064954
42.791973,-83.627724
34.041012,-84.34137
34.041012,-84.34137
37.264834,-81.2218188
33.857559,-84.192882
28.57996,-81.477127
36.5979508,-94.7432639
29.190833,-81.007587
37.264834,-81.2218188
42.071847,-88.2940969
33.755545,-116.258299
30.357143,-87.163857
40.076431,-74.101128
40.769245,-73.955917
40.769245,-73.955917
44.474154,-88.106228
26.190632,-97.696106
42.071847,-88.2940969
37.264834,-81.2218188
26.190632,-97.696106
32.31823,-86.902298
33.827214,-84.252236
34.579690,-92.561481
44.13819,-78.954295
34.72868,-92.228516
33.52066,-86.80249
33.52066,-86.80249
28.350758,-82.220781
40.8780156167,-81.10557735
34.72868,-92.228516
28.57996,-81.477127
28.57996,-81.477127
61.218056,-149.900284
61.218056,-149.900284
39.873930,-75.883203
35.509209,-97.746658
35.509209,-97.746658
35.71144398333333,-81.76586033333334
39.172737,-84.423103
39.172737,-84.423103
40.025333,-75.045894
40.8780156167,-81.10557735
34.98210926666667,-92.07205813333333
45.815289,-88.062683
36.959001,-86.4623079
45.815289,-88.062683
31.849680366666668,-106.61618493333333
28.710186683333333,-81.50795425
32.267511,-110.911622
32.31823,-86.902298
41.286091,-72.936409
41.286091,-72.936409
35.580753,-97.632507
35.580753,-97.632507
33.870293,-117.925339
33.870293,-117.925339
37.10284,-85.306351
37.10284,-85.306351
40.793903,-81.529570
36.5979508,-94.7432639
36.158867,-115.139305
41.45634325,-74.3874308
36.158867,-115.139305
39.8053998,-89.6125938
34.09684576,-85.34903982
37.10284,-85.306351
39.8053998,-89.6125938
34.582476,-86.98667
36.158867,-115.139305
41.163503,-73.862685
42.464947,-83.003906
36.158867,-115.139305
40.076432,-74.101127
42.464947,-83.003906
26.100365,-80.399773
26.100365,-80.399773
32.690951,-97.183607
40.8780156167,-81.10557735
36.158867,-115.139305
44.285660783333334,-121.54455193333334
41.425014,-72.105965
47.057345,-122.368467
34.579689,-92.561478
34.579689,-92.561478
33.755545,-116.258299
28.967194,-98.47863
28.967194,-98.47863
35.671676,-79.833392
36.091447,-95.882019
40.633125,-89.398529
44.28567893333334,-121.54457376666667
40.633125,-89.398529
40.352193,-75.914801
38.2138324,-85.8350018
40.8780156167,-81.10557735
41.362938,-83.908523
41.45634183333333,-74.38742895
30.098232,-95.546115
18.409329,-66.210573
35.671676,-79.833392
44.558804,-72.577843
44.558804,-72.577843
33.755545,-116.258299
39.8053998,-89.6125938
33.9196753,-117.96765448333333
29.654930,-82.408325
41.425014,-72.105965
37.667439,-120.931419
38.994591,-76.535639
39.01754,-95.731425
33.904294,-98.495975
40.076431,-74.101128
40.076431,-74.101128
37.323881,-79.952585
33.75053,-84.39608
41.425014,-72.105965
35.185520,-89.794509
33.912598,-118.043068
38.2138324,-85.8350018
33.75053,-84.39608
39.099728,-94.578568
42.83674141,-86.07776369
28.538336,-81.379234
39.099728,-94.578568
28.538336,-81.379234
45.344972,-75.789813
40.076431,-74.101128
36.091446,-95.882019
36.091446,-95.882019
38.766945,-77.465149
41.65945,-72.163558
41.059311,-86.590309
30.523078,-97.863083
33.755545,-116.258299
31.7638955,-90.563609
41.553275,-87.529837
33.755545,-116.258299
40.793903,-81.52957
41.008541,-76.445251
39.736185,-84.206265
34.125119,-84.558293
30.403341,-86.908317
43.203733,-86.221341
28.126196,-82.698051
34.09684576,-85.34903982
28.538336,-81.379234
34.7033972,-86.59869251666667
28.538336,-81.379234
41.102590,-72.359298
26.190632,-97.696106
41.30945956,-72.94721247
40.8780156167,-81.10557735
38.766945,-77.465149
29.705589,-95.301224
41.010622,-76.434166
26.190632,-97.696106
29.705589,-95.301224
34.70273516666666,-86.59941205
42.547674,-71.479583
33.904294,-98.495975
30.523078,-97.863083
40.2993,-76.880128
31.849404,-106.616063
36.81811,-119.755845
32.01099,-97.130005
39.76844,-105.030121
35.7114439833,-81.7658603333
28.784628,-96.956508
34.7027351667,-86.59941205
41.425014,-72.105965
41.3701765,-83.959153
40.74993609,-81.37370736
39.76844,-105.030121
35.7114439833,-81.7658603333
39.01754,-95.731422
40.793903,-81.529572
42.771214,-83.400307
42.771214,-83.400307
38.766945,-77.465149
41.584006,-87.882492
39.779318483333334,-79.53179075
39.284103,-76.618065
34.7027351667,-86.59941205
43.203732,-86.221344
32.781353,-97.307343
43.203732,-86.221344
39.798289,-85.762080
36.81811,-119.755845
40.793903,-81.529572
32.781353,-97.307343
28.967194,-98.47863
28.967194,-98.47863
34.98210926666667,-92.07205813333333
39.672169,-104.826347
34.500832,-117.185875
30.533529,-92.081512
32.781353,-97.307343
30.533529,-92.081512
37.324005,-79.952635
43.442223,-71.589447
39.672169,-104.826347
35.1719355583,-89.7972518206
43.442223,-71.589447
38.2138324,-85.8350018
40.79886305,-81.49432898
28.425203,-81.462100
41.683998,-72.709351
33.829445,-84.252197
29.582905,-90.753891
43.442223,-71.589447
33.829445,-84.252197
35.507214,-97.434158
35.1719355583,-89.7972518206
33.755545,-116.258299
40.097893,-74.217644
40.48812553,-85.61359533
35.09583055973053,-78.90531599521637
40.097893,-74.217644
35.507214,-97.434158
41.683998,-72.709351
27.250036,-80.275129
38.2138324,-85.8350018
32.01099,-97.130005
35.13038095,-85.2368747167
35.18552,-89.79451
35.18552,-89.79451
30.692899,-88.171376
33.52066,-86.80249
32.542084,-97.320847
32.542084,-97.320847
36.09638888888889,-80.21638888888889
28.126196,-82.698051
39.12928,-84.474098
38.447376,-81.999908
38.447376,-81.999908
39.787306,-84.208743
39.773449,-84.047821
30.692633,-88.174569
35.13038095,-85.2368747167
30.098232,-95.546115
39.12928,-84.474098
39.673325,-89.660904
31.849404,-106.616063
25.790653,-80.130043
25.790653,-80.130043
35.203808,-106.850870
42.167589,-87.825028
39.7793184833,-79.53179075
39.779318483333334,-79.53179075
41.058889,-86.590227
35.1719355583,-89.7972518206
38.447338,-81.999940
33.52066,-86.80249
35.13038095,-85.2368747167
41.058889,-86.590227
39.7792894,-79.53178875
41.111102,-87.888194
41.620918,-70.956383
41.620918,-70.956383
45.81625,-88.064957
39.7793184833,-79.53179075
45.81625,-88.064957
36.47155411666667,-88.32188251666666
39.787306,-84.208743
31.849404,-106.616063
35.149532,-90.048981
35.149532,-90.048981
35.395568,-80.578079
32.747843,-97.381467
30.490100,-91.066453
41.30945956,-72.94721247
32.31823,-86.902298
35.0935365,-78.9185537
38.9143139,-77.0459335
37.709801,-121.927521
37.709801,-121.927521
35.395568,-80.578079
28.959202,-81.679909
28.959202,-81.679909
36.032405,-86.797757
47.234299,-119.852547
45.81625,-88.064957
47.234299,-119.852547
32.425224,-90.103279
32.425224,-90.103279
38.9143139,-77.0459335
35.0935365,-78.9185537
35.7114439833,-81.7658603333
32.31823,-86.902298
26.640629,-81.872307
28.959202,-81.679909
26.640629,-81.872307
39.7793184833,-79.53179075
25.946617,-97.488705
31.0625127,-98.1676095
35.7114439833,-81.7658603333
36.81811,-119.755845
33.52066,-86.80249
43.442223,-71.589447
39.787306,-84.208743
34.7027351667,-86.59941205
35.395568,-80.578079
43.442223,-71.589447
31.0625127,-98.1676095
32.267511,-110.911622
30.452135,-91.210106
34.161328,-84.568202
30.452135,-91.210106
41.058889,-86.590227
41.30945956,-72.94721247
28.7101866833,-81.50795425
43.442223,-71.589447
25.946617,-97.488705
29.993483,-90.473221
29.993483,-90.473221
27.749538,-97.436691
27.749538,-97.436691
34.7027351667,-86.59941205
43.679824,-79.415709
26.377267,-80.108432
33.52066,-86.80249
28.959202,-81.679909
35.13038095,-85.2368747167
37.324005,-79.952635
41.30945956,-72.94721247
32.3888533,-90.1461911
38.978443,-76.49218
38.978443,-76.49218
32.31823,-86.902298
34.183624,-77.874565
40.175941,-76.166779
40.175941,-76.166779
39.77301,-84.047585
39.77301,-84.047585
42.135029,-87.758118
35.279091,-80.796359
32.3888533,-90.1461911
42.547527,-71.480178
42.135029,-87.758118
34.183624,-77.874565
32.833158,-79.843965
44.729752,-85.599594
35.203808,-106.850868
28.7101866833,-81.50795425
33.5608077049,-86.7262297869
35.203808,-106.850868
42.547527,-71.480178
35.0935365,-78.9185537
38.7315099,-90.1277387
49.265388,-123.15741
42.43436,-83.287565
43.057053,-87.969477
36.958443,-87.641815
44.729752,-85.599594
35.279091,-80.796359
25.946617,-97.488705
39.542191,-119.728493
36.958443,-87.641815
43.061062,-87.958940
35.0935365,-78.9185537
29.579443,-90.744418
37.395744,-87.505889
39.542191,-119.728493
32.833158,-79.843965
34.74469,-92.415932
34.74469,-92.415932
35.227085,-80.843124
39.721989,-85.889145
41.30945956,-72.94721247
38.447338,-81.99994
38.7315099,-90.1277387
31.0625127,-98.1676095
39.721989,-85.889145
31.738037,-106.291216
32.406384,-96.838589
37.324005,-79.952637
42.547527,-71.480178
42.1479906,-84.3917994167
36.946427,-120.064189
35.451245,-84.591395
37.324005,-79.952637
28.424335,-81.457933
30.427233,-90.442871
35.26446,-80.871437
42.819693,-86.103615
35.671676,-79.833392
30.2847793,-89.7576777
34.183624,-77.874565
35.580414,-97.632729
42.7712714333,-73.8944531833
31.549334,-97.146667
36.946427,-120.064189
35.580414,-97.632729
31.549334,-97.146667
29.887386,-97.949113
30.427233,-90.442871
35.279091,-80.796359
41.4115823,-75.8884521
39.866989,-80.670334
31.738037,-106.291216
39.866989,-80.670334
29.609401,-95.252222
29.190833,-81.007587
35.451245,-84.591395
30.2847793,-89.7576777
35.13042421666667,-85.23693798333333
35.671676,-79.833392
36.879498,-76.247022
39.877887,-75.891785
44.261112,-96.287498
41.4115823,-75.8884521
44.261112,-96.287498
32.267511,-110.911622
42.819693,-86.103615
26.377267,-80.108432
40.0351362,-85.9965887
33.591668,-86.895233
34.187091,-83.423837
38.447338,-81.999939
38.447338,-81.999939
33.836030,-84.249055
38.7315099,-90.1277387
39.281382,-76.619208
35.67218363285065,-79.8346209526062
28.080181,-81.793137
32.3888533,-90.1461911
33.52066,-86.80249
43.907525,-69.914661
40.0351362,-85.9965887
36.945133,-120.094147
31.738037,-106.291216
32.833158,-79.843965
47.307323,-122.228455
38.7669957,-77.4650242
47.307323,-122.228455
29.65493,-82.408325
42.819693,-86.103615
30.535147,-97.618918
33.836029,-84.249054
33.836029,-84.249054
61.218056,-149.900284
31.0410373,-83.0751471
36.091446,-95.882019
49.265388,-123.15741
36.091446,-95.882019
33.52066,-86.80249
35.451245,-84.591395
41.761064,-72.597235
61.218056,-149.900284
45.469957,-122.535521
36.137954,-86.666747
29.65493,-82.408325
41.64753,-88.089508
41.111103,-87.888191
41.111103,-87.888191
29.190832,-81.007584
28.39362,-81.538681
28.39362,-81.538681
35.334905,-94.415846
41.64753,-88.089508
40.711541,-74.003506
33.755545,-116.258299
41.8354209,-71.428766
36.137790,-105.796714
42.14798815,-84.39174145
31.0410373,-83.0751471
36.959640,-87.514668
36.429430,-94.788370
32.425224,-90.103279
47.606209,-122.332069
29.951685,-90.079675
47.606209,-122.332069
32.425224,-90.103279
41.8354209,-71.428766
39.069312,-94.570729
29.609401,-95.252222
39.293757,-76.619275
41.747753,-72.15696
42.771214,-83.400307
42.771214,-83.400307
40.0351362,-85.9965887
41.747753,-72.15696
28.498512,-81.658302
28.498512,-81.658302
30.4584196,-87.1818736
42.14799383333333,-84.39174111666667
45.51864802837372,-122.5059700012207
29.210815,-81.022835
29.210815,-81.022835
29.190832,-81.007584
36.412638,-94.716863
39.293757,-76.619275
31.0410373,-83.0751471
40.559200,-74.168950
39.672169,-104.826347
28.424335,-81.457933
35.671676,-79.833392
35.441196,-89.778137
36.5979508,-94.7432639
40.559200,-74.168950
30.450747,-91.154549
30.450747,-91.154549
27.677647,-97.303731
30.4584196,-87.1818736
30.257263,-92.015312
30.257263,-92.015312
32.406384,-96.838589
39.9228947,-74.9289252
35.441196,-89.778137
40.227695,-76.097198
29.210815,-81.022835
40.227695,-76.097198
32.791813,-93.055717
32.791813,-93.055717
30.2847793,-89.7576777
40.493174,-86.228650
34.7005032,-86.5993055
41.4115823,-75.8884521
40.68232,-75.503517
40.68232,-75.503517
32.791813,-93.055717
30.4584196,-87.1818736
36.84207,-76.338746
41.4115823,-75.8884521
36.487827,-87.838356
27.315363,-82.458702
28.424335,-81.457932
30.381201,-81.4077
30.381201,-81.4077
34.7005032,-86.5993055
28.424335,-81.457932
35.384228,-97.724487
36.487827,-87.838356
27.315363,-82.458702
39.777068,-86.267996
39.879403,-75.895043
35.384228,-97.724487
32.759296,-97.797256
32.759296,-97.797256
43.060726,-87.959709
39.293757,-76.619275
30.332184,-81.655647
40.711418,-74.003052
43.060726,-87.959709
39.968749,-86.194568
28.424335,-81.457932
36.947077,-120.06363
39.968749,-86.194568
35.671676,-79.833392
37.614940,-122.387978
33.322521,-97.257713
33.520802,-86.802696
33.520802,-86.802696
37.2648185,-81.2218224
33.322521,-97.257713
35.441196,-89.778137
41.4115823,-75.8884521
34.582476,-86.98667
30.332184,-81.655647
34.7005032,-86.5993055
40.806767,-74.185425
40.806767,-74.185425
47.67489,-122.284763
34.524665,-84.932087
39.059704,-84.689465
39.266743,-81.561516
33.719994,-116.278870
39.266743,-81.561516
37.2648185,-81.2218224
30.693585,-88.173955
40.479248,-80.654884
40.479248,-80.654884
28.080181,-81.793137
38.91313970088959,-77.04560101032257
38.398132,-82.400746
32.173359,-90.132797
30.889288,-83.301826
30.889288,-83.301826
36.947079,-120.063629
32.173359,-90.132797
36.947079,-120.063629
41.8354209,-71.428766
37.2648185,-81.2218224
28.754644,-81.493797
36.137791,-105.796715
36.137791,-105.796715
28.754644,-81.493797
35.130421883333334,-85.23694408333333
35.872341,-97.494015
29.508962,-98.314132
29.964722,-90.070557
29.964722,-90.070557
34.945122,-89.799545
36.141831,-86.653434
-37.81176,144.967131
31.642466,-85.043843
36.141831,-86.653434
41.8354209,-71.428766
42.1479724,-84.3885318
42.337692975997925,-85.60316205024719
33.755545,-116.258299
38.91238868236542,-77.0471727848053
43.6525,-79.381668
36.5887213,-76.6888123833
43.6525,-79.381668
34.989017,-80.532791
34.989017,-80.532791
39.911777,-75.27713
40.506037,-80.209220
39.911777,-75.27713
33.755545,-116.258299
42.1479724,-84.3885318
38.30861695,-76.54047395
33.958070,-84.136491
29.65493,-82.408325
35.334904,-94.415848
35.334904,-94.415848
31.57906,-90.440651
31.57906,-90.440651
46.28569,-119.284462
36.5887213,-76.6888123833
46.28569,-119.284462
38.804897,-97.557462
41.6587833,-73.7470676
33.954296,-84.126482
30.693584,-88.173958
30.693584,-88.173958
39.911777,-75.27713
36.14183,-86.653435
36.14183,-86.653435
43.057053,-87.969477
47.307323,-122.228455
47.307323,-122.228455
38.252666,-85.758453
38.252666,-85.758453
42.772649,-74.963435
42.1479724,-84.3885318
37.158737,-77.403694
37.158737,-77.403694
35.1725545,-89.7979927
35.010639,-80.564484
35.010639,-80.564484
40.058323,-74.405663
40.058323,-74.405663
41.582272,-85.834435
30.516691,-90.480085
41.582272,-85.834435
41.67956,-83.522166
47.066851,-122.368466
30.387705,-91.187037
35.1725545,-89.7979927
41.58174455165863,-109.25273537635803
36.5887213,-76.6888123833
39.275803,-76.620497
40.502304,-86.221771
40.502304,-86.221771
30.4922643259,-97.6952577316
28.848125,-96.995284
29.762884,-95.383064
29.762884,-95.383064
41.6169448,-93.6186111
38.611837,-89.368465
35.580414,-97.632729
40.5592,-74.16901
26.548719,-81.872635
26.548719,-81.872635
39.672169,-104.826347
29.551406,-98.555474
38.386563,-75.370885
41.891968,-87.627059
39.062818,-94.679464
32.759296,-97.797256
41.6169448,-93.6186111
41.441845,-81.930117
30.389460,-91.085481
40.352193,-75.914801
33.209843,-87.569176
35.296518,-97.458713
25.711659,-80.318213
33.209843,-87.569176
35.1725545,-89.7979927
40.711418,-74.003052
29.762884,-95.383064
39.480606,-86.054985
45.469955,-122.535522
29.762884,-95.383064
45.469955,-122.535522
39.480606,-86.054985
29.210815,-81.022835
29.210815,-81.022835
41.8354209,-71.428766
36.582808,-82.156301
25.711659,-80.318213
41.754396,-87.808918
43.820557,-69.81472
40.179817,-76.178841
43.820557,-69.81472
40.179817,-76.178841
47.235315,-122.282510
41.65945,-72.163558
32.934368,-97.238967
28.080181,-81.793137
35.384228,-97.724487
28.080181,-81.793137
35.384228,-97.724487
28.048315,-82.355979
41.67956,-83.522166
36.582808,-82.156301
38.9123886824,-77.0471727848
45.43251242,-122.82837034
39.613015,-86.083329
38.64875,-121.44993055555555
33.52066,-86.80249
33.52066,-86.80249
41.67956,-83.522166
33.954296,-84.12648
39.634548,-86.079696
38.398132,-82.400749
33.954296,-84.12648
25.711658,-80.318214
25.711658,-80.318214
43.615124,-84.794212
38.9123886824,-77.0471727848
43.615124,-84.794212
39.777069,-86.267998
38.398132,-82.400749
35.172847509384155,-89.79854464530945
36.196545,-94.118973
39.872226,-82.822320
39.777069,-86.267998
36.196545,-94.118973
38.8065374,-97.5577468
32.759296,-97.797256
32.703628,-83.667038
30.060446,-91.880691
29.579443,-90.744418
41.76371,-72.685097
38.38774,-75.371157
39.091118,-94.415504
41.76371,-72.685097
39.091118,-94.415504
28.710183,-81.5079839
36.617352,-88.31324
38.8065374,-97.5577468
41.4115823,-75.8884521
39.927658,-122.179153
30.694357,-88.043053
35.375198,-97.494878
39.927658,-122.179153
30.694357,-88.043053
38.38774,-75.371157
39.854509,-82.816116
39.38707,-76.482338
39.38707,-76.482338
39.777069,-86.267998
39.881950,-75.900604
40.72071,-73.987631
41.4115823,-75.8884521
29.762884,-95.383064
43.060726,-87.959709
41.67956,-83.522166
28.008685,-82.350583
37.328098,-87.498886
43.060726,-87.959709
33.491219,-88.378059
37.328098,-87.498886
38.398132,-82.400749
43.057053,-87.969477
30.694357,-88.043053
41.754395,-87.808922
41.754395,-87.808922
41.825778,-87.687142
34.900555,-92.498055
39.6320985,-79.9542865
28.710183,-81.5079839
28.022243,-81.732857
31.642466,-85.043843
28.022243,-81.732857
32.280823,-95.324028
36.582808,-82.156301
32.280823,-95.324028
30.387705,-91.187035
30.4922643259,-97.6952577316
30.387705,-91.187035
40.489788,-81.445671
40.489788,-81.445671
38.8065374,-97.5577468
39.8508,-75.1474
41.6169448,-93.6186111
39.8508,-75.1474
28.847179,-96.996452
32.703628,-83.667038
30.47547,-90.100914
40.498262,-78.408800
30.47547,-90.100914
28.847179,-96.996452
38.689603,-90.472986
40.2617156,-74.9527751
29.579443,-90.744415
29.579443,-90.744415
33.491219,-88.378059
30.218183,-92.020134
41.4115823,-75.8884521
43.381623,-115.993401
34.524548,-84.9319
34.524548,-84.9319
41.024227,-80.662849
41.024227,-80.662849
29.762884,-95.383064
38.38774,-75.371157
39.937563,-75.086077
39.672169,-104.826347
40.2617156,-74.9527751
41.4115823,-75.8884521
36.883224,-87.420753
37.158733,-77.403633
37.158733,-77.403633
35.845619,-86.390266
42.845070,-71.505686
39.391518,-84.526443
36.883224,-87.420753
35.845619,-86.390266
39.391518,-84.526443
33.115753,-96.842879
39.937563,-75.086077
30.778,-88.259003
30.778,-88.259003
45.436226,-75.781471
41.58617556095123,-109.24922704696655
45.436226,-75.781471
39.06218,-94.679367
39.06218,-94.679367
32.267511,-110.911622
36.414738,-87.637807
28.538336,-81.379234
43.108196,-79.226098
35.580414,-97.632729
38.64875,-121.44993055555555
26.377267,-80.108432
39.854467,-82.815395
28.710183,-81.5079839
33.719932,-116.278619
38.611837,-89.368465
32.339136,-86.256579
41.578765,-93.731220
40.498262,-78.4088
35.10099,-106.57019
40.769245,-73.955917
33.949229,-84.137986
40.769245,-73.955917
45.43251242,-122.82837034
29.793285,-95.478576
38.252666,-85.758453
41.341317,-72.946823
41.341317,-72.946823
40.2617156,-74.9527751
38.252666,-85.758453
45.43251242,-122.82837034
32.339136,-86.256579
36.83136,-76.133083
43.6525,-79.381668
43.6525,-79.381668
29.762884,-95.383064
42.846952,-71.495094
35.10099,-106.57019
39.937563,-75.086077
40.49826,-78.408798
38.386563,-75.370885
43.615124,-84.794212
43.615124,-84.794212
40.49826,-78.408798
44.285876,-121.544588
36.479817,-87.905239
38.611835,-89.368462
41.67956,-83.522166
43.44145846666667,-124.24613066666667
31.327296,-89.293806
38.611835,-89.368462
30.389364,-91.08596
32.267511,-110.911622
35.389167,-118.938203
30.389364,-91.08596
39.854465,-82.815392
39.854465,-82.815392
45.43251242,-122.82837034
34.74469,-92.415932
34.74469,-92.415932
35.204533,-89.873978
33.954296,-84.12648
33.954296,-84.12648
28.547127,-81.723304
35.204533,-89.873978
42.324758,-72.626851
39.285295,-86.466145
44.285876,-121.544588
45.43251242,-122.82837034
31.327296,-89.293806
32.387858,-90.148152
47.307323,-122.228455
47.307323,-122.228455
32.636686,-83.692921
40.679657,-73.544021
40.272015,-80.60952
39.954655,-75.324399
33.591668,-86.895233
39.954655,-75.324399
29.762884,-95.383064
39.672169,-104.826347
33.381725,-86.805019
32.387858,-90.148152
40.272015,-80.60952
32.690516,-97.185622
32.636686,-83.692921
32.339136,-86.256579
36.673985,-121.63324
42.772613,-74.963473
29.842570,-95.506284
44.934361,-93.426682
40.081951,-75.168892
47.307323,-122.228455
44.285876,-121.544588
27.326320,-82.545756
40.445537,-111.791482
33.381725,-86.805019
43.10955,-88.041199
26.691981,-80.178234
43.10955,-88.041199
-37.812108,144.966531
40.8808930333,-81.4026430333
35.149532,-90.048981
35.149532,-90.048981
26.722469,-80.08587
28.448132,-99.94651
40.8808930333,-81.4026430333
35.580414,-97.632729
32.636684,-83.692924
32.636684,-83.692924
28.448132,-99.94651
37.028212,-76.4042404
38.8546705,-90.0847516
40.679957,-73.543634
42.772613,-74.963473
41.67956,-83.522166
40.6530429,-111.875641
41.938641,-88.164104
51.609234,-0.087085
41.586175561,-109.249227047
33.381725,-86.805019
37.028212,-76.4042404
31.327296,-89.293806
39.954655,-75.324402
26.120067,-80.253916
39.954655,-75.324402
47.67489,-122.284763
41.586175561,-109.249227047
32.387858,-90.148152
29.762884,-95.383064
37.672386,-87.533257
37.672386,-87.533257
33.52066,-86.80249
33.52066,-86.80249
33.591667,-86.895233
31.327296,-89.293806
33.591667,-86.895233
42.083775,-87.982345
40.6530429,-111.875641
40.8808930333,-81.4026430333
38.9123886824,-77.0471727848
37.028212,-76.4042404
35.580414,-97.632729
47.851798,-122.264115
40.679958,-73.543633
40.679958,-73.543633
31.022730,-97.296967
34.700383933333335,-86.60030476666667
35.377819,-97.494865
33.606213,-86.204422
38.9123886824,-77.0471727848
30.217661,-92.018936
30.217661,-92.018936
35.377819,-97.494865
33.606213,-86.204422
32.747772,-97.381401
32.747772,-97.381401
39.884429,-75.906349
36.883224,-87.420753
36.883224,-87.420753
43.019731,-108.385482
42.110306,-88.034241
42.110306,-88.034241
37.912951,-122.157212
28.710178766666665,-81.50793071666666
34.37189921666667,-79.84650345
32.747772,-97.381401
32.173359,-90.132797
33.591668,-86.895233
34.605927,-86.983345
41.586175561,-109.249227047
35.580414,-97.632729
43.019731,-108.385482
34.605927,-86.983345
42.171139,-87.844513
38.689603,-90.472986
32.6316175,-85.45358051
29.762884,-95.383064
42.171139,-87.844513
31.02273,-97.296967
35.711448966666666,-81.76588403333334
35.786355183333335,-81.74427291666666
31.327296,-89.293806
41.892218,-87.626859
35.580414,-97.632729
39.644985,-106.5942
39.644985,-106.5942
38.803226,-77.071061
45.432543,-122.828545
29.798500,-96.662816
26.722469,-80.08587
40.6530429,-111.875641
30.492913,-87.182815
31.063784,-98.181694
31.063784,-98.181694
41.058889,-86.590227
45.432543,-122.828545
35.181813,-101.879789
32.63973748,-85.41317571
35.673333,-80.434501
39.6341263,-79.9549308
41.6169448,-93.6186111
38.64875,-121.449930556
43.019731,-108.385482
33.591667,-86.895233
40.711418,-74.003052
-37.812682,144.965452
40.79799043999999,-77.86170012
33.591667,-86.895233
33.720051,-116.27861
40.6530429,-111.875641
31.02273,-97.296967
41.6543944,-86.2443693
31.02273,-97.296967
33.720051,-116.27861
26.507102,-81.913676
36.479817,-87.905239
39.6341263,-79.9549308
32.349425,-111.018201
45.432543,-122.828545
38.814077,-121.197301
43.13295,-115.6912
43.13295,-115.6912
40.324124,-76.862804
30.523078,-97.863083
30.018101,-89.967926
27.511239,-99.519136
38.64875,-121.449930556
43.6525,-79.381668
43.6525,-79.381668
30.018101,-89.967926
42.171139,-87.844513
38.779147,-90.210207
36.479817,-87.905239
30.080173,-94.126556
30.080173,-94.126556
40.022331,-74.955948
40.022331,-74.955948
32.690516,-97.185622
42.346966,-122.901634
38.749271,-77.573402
28.008685,-82.350583
38.749271,-77.573402
32.756302,-97.063438
32.756302,-97.063438
30.523078,-97.863083
41.6543944,-86.2443693
39.3652891,-76.5818356
38.779147,-90.210207
39.63427,-79.9556822
30.523078,-97.863083
29.762884,-95.383064
40.022331,-74.955948
30.217661,-92.018936
39.843368,-75.149769
32.98468,-96.890556
32.98468,-96.890556
39.635717666666665,-79.95661266666667
38.38783958,-78.97090351
41.600544,-93.609108
30.4922643259,-97.6952577316
41.600544,-93.609108
31.0625127,-98.1676095
34.988983,-90.012589
39.285285,-86.466136
39.3652891,-76.5818356
34.765915,-84.769936
38.003546,-84.444388
37.137132,-93.260077
34.765915,-84.769936
33.926654,-84.402361
35.313304,-81.97271
31.087843,-97.453762
38.814077,-121.197301
32.349426,-111.018204
32.349426,-111.018204
35.18552,-89.79451
31.0625127,-98.1676095
35.18552,-89.79451
39.885884,-75.909524
42.659309,-78.550684
40.79799044,-77.86170012
41.341362,-72.946716
41.341362,-72.946716
35.65137561666667,-84.75179581666667
36.479817,-87.905239
39.411297,-87.390792
35.385925,-94.398544
40.716387,-73.981001
29.762884,-95.383064
30.217661,-92.018936
30.217661,-92.018936
30.523078,-97.863083
40.79799044,-77.86170012
29.920793,-90.10028
35.923055,-84.058776
33.748997,-84.387985
32.153567,-110.942185
38.779147,-90.210207
33.748997,-84.387985
40.52467,-111.863823
42.659309,-78.550684
31.0625127,-98.1676095
41.819622,-71.424454
41.819622,-71.424454
40.52467,-111.863823
41.6543944,-86.2443693
43.441572533333336,-124.24659316666667
35.65134173333333,-84.75198093333333
32.566242,-92.027321
32.566242,-92.027321
42.346966,-122.901634
38.814075,-121.197304
38.814075,-121.197304
29.993483,-90.473221
29.993483,-90.473221
39.3652891,-76.5818356
32.51650502,-92.10960127
41.6543944,-86.2443693
40.6851557,-111.9024851
30.386374,-87.045125
35.7484,-81.358132
42.127525,-87.828957
30.4922643259,-97.6952577316
35.580414,-97.632729
40.79799044,-77.86170012
29.762884,-95.383064
42.127525,-87.828957
39.781897,-79.5335507
36.5979508,-94.7432639
39.7792722,-79.53179316666666
35.6513417333,-84.7519809333
39.781897,-79.5335507
35.6513417333,-84.7519809333
39.285286,-86.466133
39.285286,-86.466133
37.672386,-87.533257
30.217661,-92.018936
32.153567,-110.942185
37.672386,-87.533257
35.805548429489136,-86.39702081680298
38.64875,-121.449930556
39.843368,-75.149769
37.324005,-79.952637
45.432543,-122.828545
35.49247895,-97.51926451
37.324005,-79.952637
35.673333,-80.434501
47.597362,-122.037642
42.659309,-78.550684
41.24229166666667,-75.934375
36.673985,-121.63324
40.025333,-75.045894
45.432543,-122.828545
42.896856,-78.820318
42.77137435,-73.89454533333333
35.492488,-97.5191558
40.6851557,-111.9024851
41.235547,-75.897073
40.945775,-73.957458
25.939783,-81.703705
25.939783,-81.703705
29.762884,-95.383064
35.384228,-97.724487
35.580414,-97.632729
35.384228,-97.724487
39.97087011,-76.81268441
39.843369,-75.149773
35.6513417333,-84.7519809333
39.843369,-75.149773
29.762884,-95.383064
33.157469,-89.005402
39.792247,-94.810543
39.792247,-94.810543
35.673333,-80.434501
29.762884,-95.383064
35.274414,-81.403553
30.64852,-91.156494
33.209843,-87.569176
30.64852,-91.156494
32.756302,-97.063438
42.896856,-78.820318
33.209843,-87.569176
39.781897,-79.5335507
35.7863551833,-81.7442729167
37.3984744,-88.8455037
32.756302,-97.063438
35.274414,-81.403553
45.432543,-122.828545
30.198068,-93.186651
29.189654,-82.111437
26.063856,-81.702620
38.343228,-81.642129
35.7863551833,-81.7442729167
34.012593,-81.196645
38.38783958,-78.97090351
39.365806,-76.582195
35.62438666820526,-120.67440748214722
42.77137435,-73.8945453333
34.225727,-77.94471
29.189654,-82.111437
37.3984744,-88.8455037
35.342381,-97.516476
34.225727,-77.94471
35.368192,-81.596463
32.349426,-111.018204
42.77137435,-73.8945453333
28.008685,-82.350583
35.274414,-81.403553
38.38783958,-78.97090351
25.857595,-80.278107
25.857595,-80.278107
41.41080254,-75.88832685
38.343228,-81.642129
25.810933,-80.175376
35.673333,-80.434501
37.3984744,-88.8455037
42.896856,-78.820318
28.959202,-81.679909
28.959202,-81.679909
35.368192,-81.596463
39.887443,-75.912644
35.313304,-81.97271
32.802956,-96.76992
32.802956,-96.76992
36.83136,-76.133083
28.008685,-82.350583
32.63973748,-85.41317571
31.1468174,-89.4174641
28.959202,-81.679909
42.77137435,-73.8945453333
35.7863551833,-81.7442729167
36.054649,-94.199207
35.594979,-92.457017
40.022331,-74.955948
40.022331,-74.955948
30.4922643259,-97.6952577316
32.63977215,-85.41314697
32.307564,-90.855423
43.03611,-70.832779
35.313304,-81.97271
40.025333,-75.045894
32.307564,-90.855423
38.38783958,-78.97090351
43.03611,-70.832779
36.807006,-76.529937
45.43251242,-122.82837034
35.923191,-84.058884
38.031715,-84.495132
35.923191,-84.058884
32.566242,-92.027321
33.575359,-101.928101
31.1468174,-89.4174641
32.63977215,-85.41314697
32.566242,-92.027321
38.031715,-84.495132
40.711349,-74.002899
34.8086,-82.4126372
41.582272,-85.834435
41.582272,-85.834435
34.270222,-118.778099
34.270222,-118.778099
39.158914,-78.172774
28.51573228333333,-99.21643446666667
32.63977215,-85.41314697
41.781593,-71.124916
40.489788,-81.445671
39.672169,-104.826347
40.489788,-81.445671
43.37674,-72.346756
43.37674,-72.346756
43.023139,-87.929480
25.810863,-80.177223
34.765915,-84.769936
35.313304,-81.97271
25.810863,-80.177223
34.765915,-84.769936
35.368192,-81.596463
28.006775,-82.302534
34.8086,-82.4126372
40.890545,-73.969459
30.456602,-91.09317
30.456602,-91.09317
37.215324,-93.298241
32.025607,-102.147364
41.245,-75.88166666666666
29.402965,-98.645339
38.343227,-81.642128
29.915007,-89.984687
41.761063,-72.597237
41.761063,-72.597237
39.672169,-104.826347
30.456602,-91.09317
38.343227,-81.642128
42.771374466666664,-73.89454576666667
31.524338,-96.533867
32.433499,-99.744481
31.524338,-96.533867
40.177807,-76.190498
40.177807,-76.190498
34.773218,-86.775324
30.197227,-93.185806
39.894428,-79.747952
35.8055484295,-86.3970208168
32.205226,-99.794820
33.118553,-96.096199
29.402965,-98.645339
30.197227,-93.185806
27.221575,-80.263932
34.961761,-89.829529
32.51650502,-92.10960127
33.118553,-96.096199
-37.812108,144.966531
42.771374466666664,-73.89454578333333
35.3557442,-118.9034317
39.346432,-74.528419
34.961761,-89.829529
29.402966,-98.64534
39.346432,-74.528419
35.585854,-92.463877
32.63977215,-85.41314697
41.033985,-73.762909
41.033985,-73.762909
29.402966,-98.64534
31.592903,-84.207047
31.592903,-84.207047
38.38783958,-78.97090351
35.8055484295,-86.3970208168
32.51650502,-92.10960127
35.362507,-93.480133
31.1468174,-89.4174641
34.961761,-89.829529
35.362507,-93.480133
38.38783958,-78.97090351
41.892218,-87.626859
32.98468,-96.890556
37.237887433333334,-120.24316258333333
32.98468,-96.890556
-37.812108,144.966531
35.3557442,-118.9034317
36.764094,-76.595491
26.0125,-80.280853
32.349426,-111.018204
39.823992,-75.870159
38.200905,-84.873283
32.487393,-96.933142
35.609130,-97.521362
35.140941,-101.884878
41.468896,-87.648248
38.200905,-84.873283
32.51650502,-92.10960127
39.6338374,-79.955835
37.160027,-76.559940
30.224091,-92.019844
32.951108,-96.889608
41.781593,-71.124916
41.102558,-80.728691
41.102558,-80.728691
34.8086,-82.4126372
30.224091,-92.019844
39.365806,-76.582195
41.468896,-87.648248
34.80857232,-82.41274441
39.6338374,-79.955835
28.6,-81.339233
37.237887433333334,-120.24316258333333
39.937614,-79.729416
41.102558,-80.728691
33.719925,-112.206627
39.937614,-79.729416
33.719925,-112.206627
28.6,-81.339233
34.8086,-82.4126372
39.365806,-76.582195
44.828979,-93.03759
36.883224,-87.420753
44.828979,-93.03759
31.31431,-89.284642
33.209843,-87.569176
41.327534,-89.128975
30.781257,-89.855742
41.327534,-89.128975
35.186293,-101.916021
35.368192,-81.596463
27.221575,-80.263932
36.883224,-87.420753
41.781593,-71.124916
41.468896,-87.648248
41.781593,-71.124916
33.209843,-87.569176
42.03336,-88.083405
38.290523,-104.587293
37.672386,-87.533257
42.03336,-88.083405
37.672386,-87.533257
31.31431,-89.284642
25.790653,-80.130043
36.004857,-84.027617
35.3557442,-118.9034317
35.899459,-84.071798
27.511238,-99.519135
34.24828,-88.715858
27.511238,-99.519135
34.24828,-88.715858
39.480606,-86.054985
39.480606,-86.054985
43.491905,-88.067774
37.23788746666666,-120.24316251666667
25.790653,-80.130043
43.209229,-79.245829
35.6243866682,-120.674407482
39.672169,-104.826347
39.365806,-76.582195
40.339395,-80.048054
32.970102,-97.691176
36.158867,-115.139305
32.969653,-97.689437
36.158867,-115.139305
34.988983,-90.012589
35.8055484295,-86.3970208168
41.24229166666667,-75.934375
35.6243866682,-120.674407482
39.6338374,-79.955835
31.642466,-85.043843
36.158867,-115.139305
34.255489,-88.725607
39.066687,-94.568455
43.491905,-88.067774
26.937344,-82.254784
26.937344,-82.254784
29.909030,-97.586026
38.45005,-91.008476
38.45005,-91.008476
31.063784,-98.181694
31.063784,-98.181694
33.5608077049,-86.7262297869
36.008511,-84.022917
34.8086,-82.4126372
36.12359,-115.1761587
32.3388118,-86.2560825
32.493881,-96.954971
32.493881,-96.954971
41.245,-75.88166666666666
37.727643,-97.42521
32.281816,-90.040185
43.441559733333335,-124.24655975
35.275198,-81.404044
35.6243866682,-120.674407482
41.24445633333333,-75.87564433333334
30.336388888888887,-89.17777777777778
32.3388118,-86.2560825
43.491905,-88.067774
36.12359,-115.1761587
32.205148,-99.797878
35.130426,-85.236705
33.52788633,-84.27431855
32.837074,-97.081955
32.837074,-97.081955
43.02314,-87.929482
20.252545,-87.401938
38.699890,-81.399822
43.02314,-87.929482
47.307323,-122.228455
47.307323,-122.228455
36.740402,-119.735954
36.740402,-119.735954
39.270741,-76.631534
39.854465,-82.815392
32.53392934799194,-83.66018056869507
39.854465,-82.815392
33.52788633,-84.27431855
32.472801,-93.780403
32.472801,-93.780403
35.130426,-85.236705
47.307323,-122.228455
34.254925,-88.733093
28.5157322833,-99.2164344667
35.62438130378723,-120.67441284656525
34.254925,-88.733093
40.529863,-79.787052
29.842255,-96.326309
43.02314,-87.929482
37.304011,-120.580700
38.913708329200745,-77.04586386680603
39.890653,-75.918016
36.12359,-115.1761587
32.3388118,-86.2560825
39.905087,-79.72171
28.5157322833,-99.2164344667
39.905087,-79.72171
39.824181,-75.86982
18.1136498,-66.1666375
39.824181,-75.86982
32.328666,-90.194381
27.221575,-80.263932
32.472801,-93.780403
44.716292,-85.626971
29.402966,-98.64534
32.42704921666667,-86.65111106666667
30.3814297915,-91.1021840572
32.349426,-111.018204
42.438349,-83.284914
-37.856914,144.749281
46.103207,-64.853422
35.130426,-85.236705
18.1136498,-66.1666375
30.492913,-87.182815
30.780061,-89.856084
40.4403946,-111.7990487
35.368192,-81.596463
33.448376,-112.074036
33.448376,-112.074036
38.290417,-104.589643
35.624436,-120.674409
35.46756,-97.516426
39.672169,-104.826347
35.46756,-97.516426
32.280823,-95.324028
38.885073,-104.756888
40.4403946,-111.7990487
42.346966,-122.901637
30.3814297915,-91.1021840572
25.964289,-80.246363
42.864334,-87.913864
26.722469,-80.08587
28.5157322833,-99.2164344667
35.624436,-120.674409
42.864334,-87.913864
35.186295,-101.916023
35.186295,-101.916023
31.642466,-85.043843
36.008411,-84.023232
36.008411,-84.023232
33.118553,-96.096199
31.642466,-85.043843
42.581501,-71.346809
42.581501,-71.346809
33.118553,-96.096199
35.624436,-120.674409
31.0633686,-98.1679286
26.507102,-81.913676
34.0700125,-117.9127506
38.290417,-104.589645
38.290417,-104.589645
35.624436,-120.674409
32.153567,-110.942185
40.339395,-80.048054
34.988983,-90.012589
34.988983,-90.012589
31.0633686,-98.1679286
30.3814297915,-91.1021840572
32.153567,-110.942185
40.4403946,-111.7990487
34.0700125,-117.9127506
35.441196,-89.778137
30.332184,-81.655647
35.441196,-89.778137
37.727421,-97.426095
29.579443,-90.744415
29.579443,-90.744415
31.642466,-85.043843
41.25979006,-75.89518926
34.255489,-88.725607
27.649079,-97.383109
37.96458184719086,-78.22938859462738
36.673985,-121.63324
32.153567,-110.942185
36.054798,-94.198605
30.267153,-97.743057
-37.854717,144.735548
43.532927,-96.735351
30.267153,-97.743057
31.0633686,-98.1679286
30.332184,-81.655647
32.322309,-90.177398
32.969517,-97.689346
36.09354,-119.052422
36.09354,-119.052422
40.711349,-74.002899
28.3114752,-81.4724427
38.810985,-77.319155
35.275198,-81.404044
37.2378854,-120.2436079
42.136745,-85.556824
42.136745,-85.556824
32.969517,-97.689346
32.969517,-97.689346
29.762884,-95.383064
29.762884,-95.383064
39.916779,-75.387695
39.916779,-75.387695
38.41925,-82.445152
43.105019,-71.038795
38.41925,-82.445152
34.255489,-88.725609
37.96449601650238,-78.22937250137329
34.255489,-88.725609
28.3114752,-81.4724427
43.105019,-71.038795
30.671209,-98.467789
29.402966,-98.64534
30.671209,-98.467789
41.487808,-81.664452
41.487808,-81.664452
35.3690127,-118.91421155
36.673985,-121.63324
31.849770733333333,-106.61634265
37.2378854,-120.2436079
32.218223,-81.071255
42.136699,-85.556387
32.349426,-111.018204
33.9603343,-78.0095941
32.533929348,-83.6601805687
32.542084,-97.320847
32.542084,-97.320847
31.84974195,-106.61634773333333
37.029392,-84.621304
41.261440,-80.750247
30.302704,-93.190712
30.302704,-93.190712
36.88038,-119.796313
25.857595,-80.278107
25.857595,-80.278107
36.83136,-76.133083
32.533929348,-83.6601805687
33.9603343,-78.0095941
47.704956,-116.861794
47.704956,-116.861794
42.7713476,-73.8945944
41.4702,-87.321487
41.4702,-87.321487
47.423458,-120.310349
47.423458,-120.310349
41.728062,-87.818275
30.492482,-97.695176
41.728062,-87.818275
33.209843,-87.569176
33.209843,-87.569176
42.864334,-87.913864
42.07590937614441,-71.02642357349396
42.7713476,-73.8945944
38.354172,-86.068504
39.44305,-80.168022
39.423048,-77.461687
29.762884,-95.383064
38.354172,-86.068504
28.4119565,-99.1456153
33.118553,-96.096197
29.762884,-95.383064
38.421773,-82.741173
36.849254965782166,-76.20365560054779
41.41080254,-75.88832685
38.2585423,-122.3023036
28.3114752,-81.4724427
41.335063,-72.929649
36.054798,-94.198608
31.642466,-85.043843
28.4119565,-99.1456153
40.6851557,-111.9024851
41.141511,-73.325608
42.7713476,-73.8945944
36.054798,-94.198608
38.25700203,-122.30317131
35.616958,-119.656329
34.779507,-99.335365
41.335063,-72.929649
41.25979006,-75.89518926
33.9603343,-78.0095941
33.688106,-89.755733
32.835295,-97.061527
34.779507,-99.335365
32.533929348,-83.6601805687
34.0700125,-117.9127506
30.387705,-91.187035
43.10955,-88.041199
30.387705,-91.187035
40.610674,-74.275804
29.752568,-95.637218
41.43210186,-87.24668187
35.62438130378723,-120.67441284656525
34.0700125,-117.9127506
32.533929348,-83.6601805687
42.448118,-82.900743
27.649078,-97.38311
34.791237,-86.73661
27.649078,-97.38311
42.469607,-82.9488963
34.791237,-86.73661
39.672169,-104.826347
41.43210186,-87.24668187
42.136705,-85.556384
32.750714,-97.134509
31.84974195,-106.616347733
28.4119565,-99.1456153
39.426429,-77.474413
39.971181,-76.812854
37.2378854,-120.2436079
36.021004,-95.184921
36.021004,-95.184921
30.127129,-98.140597
31.0410373,-83.0751471
41.26144,-80.750247
31.84974195,-106.616347733
32.205148,-99.797878
36.001790,-115.131341
46.218870,-119.188962
35.6243813038,-120.674412847
34.686787,-118.15416
35.313304,-81.97271
34.686787,-118.15416
35.6243813038,-120.674412847
42.469607,-82.9488963
39.971181,-76.812854
35.6243759393692,-120.67441284656525
41.819292,-71.424437
38.414814,-81.844017
35.313304,-81.97271
41.703598,-72.567313
41.335063,-72.929649
28.8036885,-81.3311994
40.009394,-75.516467
42.583645,-83.245491
43.113087,-76.245708
38.414814,-81.844017
32.203319,-90.291509
31.84974195,-106.616347733
30.335148,-81.41523
33.688206,-89.75563
33.688206,-89.75563
36.404684483333334,-86.42667638333333
39.426429,-77.474413
33.556051,-96.915885
38.580941,-81.377146
38.304417,-85.597047
41.43210186,-87.24668187
42.136703,-85.556381
42.136703,-85.556381
28.8036885,-81.3311994
33.998707,-117.039328
41.817837,-69.976628
41.43210186,-87.24668187
41.26144,-80.750244
41.26144,-80.750244
33.95871418,-78.00770899
34.192742,-118.575157
38.299605,-77.519864
38.810986,-77.319153
28.51573228333333,-99.21643446666667
35.6243813038,-120.674412847
34.385925,-96.128326
38.810986,-77.319153
34.385925,-96.128326
26.722469,-80.08587
40.610696,-74.275975
43.5352613,-96.7387329
33.830662,-83.484673
35.279091,-80.796359
33.830662,-83.484673
41.817837,-69.976628
38.939982,-76.857317
42.07614004611969,-71.02613925933838
36.158867,-115.139305
33.987621,-82.297905
41.09813690185547,-111.99777245521545
38.38783958,-78.97090351
33.987621,-82.297905
36.158867,-115.139305
39.42643,-77.474411
38.088719,-84.560245
32.349426,-111.018204
35.213232,-84.584876
28.8036885,-81.3311994
41.4115823,-75.8884521
32.205147,-99.797874
32.205147,-99.797874
38.50695,-82.657211
38.50695,-82.657211
38.414814,-81.844017
39.42643,-77.474411
32.202809,-90.145884
38.414814,-81.844017
41.8354209,-71.428766
36.158867,-115.139305
43.5352613,-96.7387329
35.200586,-84.590748
39.971181,-76.812854
37.327641,-83.09919
43.105019,-71.038795
34.769535,-92.267097
37.327641,-83.09919
34.769535,-92.267097
46.667497,-92.098317
43.105019,-71.038795
43.535223683333335,-96.73841635
41.100418,-73.450816
41.4115823,-75.8884521
41.8354209,-71.428766
39.905087,-79.72171
31.642466,-85.043843
39.905087,-79.72171
40.610695,-74.275978
40.610695,-74.275978
40.81918,-81.413689
40.81918,-81.413689
42.988064,-85.715378
41.100418,-73.450816
42.988064,-85.715378
37.327641,-83.09919
38.889542,-77.030319
41.817837,-69.976631
38.889542,-77.030319
41.817837,-69.976631
31.866314,-90.380772
29.654787,-90.717064
36.59794181666667,-94.7410304
38.64875,-121.44993055555555
38.306523,-85.693664
29.654787,-90.717064
41.14151,-73.325607
41.14151,-73.325607
31.74632829,-103.1565179
41.100418,-73.450816
28.14098974,-81.82108895
39.971181,-76.812854
42.540762,-83.388812
43.10955,-88.041199
41.4115823,-75.8884521
43.5352613,-96.7387329
42.864334,-87.913864
32.29472222222222,-102.16861111111112
32.336146,-86.178100
36.60906565,-94.72983355
39.672169,-104.826347
32.202808,-90.145882
42.17702,-70.955399
32.202808,-90.145882
42.2976378,-85.199637
38.799282,-90.579274
42.540462,-83.388488
41.63545526666667,-83.6271031
41.100418,-73.450816
42.2976378,-85.199637
37.324005,-79.952637
30.378538,-91.050918
35.391941,-97.504035
37.324005,-79.952637
36.908558,-116.759224
36.908558,-116.759224
35.46756,-97.516426
35.128141,-89.855999
42.540462,-83.388489
42.540462,-83.388489
32.280823,-95.324028
38.937306,-94.535763
35.128141,-89.855999
38.25700203,-122.30317131
41.701942,-72.53231
41.701942,-72.53231
39.281191,-76.684875
40.009394,-75.516467
36.908558,-116.759224
38.088718,-84.560242
38.088718,-84.560242
42.418025,-83.430688
39.281191,-76.684875
38.25700203,-122.30317131
32.394228,-90.114744
42.469607,-82.9488963
47.705050,-116.853392
28.754644,-81.493797
36.88038,-119.796313
32.349426,-111.018204
41.819265,-71.42449
32.217203,-95.362215
30.671209,-98.467789
39.779262233333334,-79.5317898
35.200588,-84.590843
35.200588,-84.590843
42.469607,-82.9488963
29.762884,-95.383064
29.762884,-95.383064
38.3725462,-81.6548346
27.985042,-82.433702
40.794155,-73.070045
40.794155,-73.070045
42.0761400461,-71.0261392593
41.76371,-72.685097
41.76371,-72.685097
35.392452,-97.50222
35.392452,-97.50222
39.281191,-76.684875
48.452714,-123.387934
41.819263,-71.424492
42.864334,-87.913864
38.613279,-90.205941
41.2597834,-75.89518366
30.64852,-91.156494
42.0761400461,-71.0261392593
28.830425,-96.971519
48.452714,-123.387934
38.3725462,-81.6548346
32.503042,-92.153514
31.282982,-92.476370
39.7792622333,-79.5317898
41.819263,-71.424492
35.03897456666667,-82.07951785
33.41836,-82.049958
-37.812108,144.966531
39.779267733333334,-79.5317902
40.081951,-75.168892
39.426248,-77.474681
39.759716,-86.404409
36.001789,-115.13134
36.001789,-115.13134
44.77953,-93.217529
44.77953,-93.217529
38.414814,-81.844017
39.090415,-84.713535
46.667824,-92.098309
28.5157322833,-99.2164344667
38.414814,-81.844017
41.25978341,-75.89518367
36.123598,-115.176158
42.469607,-82.9488963
39.7792622333,-79.5317898
38.306523,-85.693664
38.25700203,-122.30317131
27.9960281,-82.4514921
41.562145,-73.015972
30.080557,-94.162171
33.178055,-86.601685
29.44121,-98.730477
33.178055,-86.601685
36.123598,-115.176158
33.726032,-118.062901
28.5157322833,-99.2164344667
35.384228,-97.724487
38.85187,-94.780203
35.673333,-80.434501
30.127129,-98.140594
35.384228,-97.724487
30.166883,-96.397743
35.673333,-80.434501
33.329927,-94.341604
27.9960281,-82.4514921
42.0761400461,-71.0261392593
40.080856,-82.869102
42.7737557888031,-73.90159606933594
38.935299,-94.533030
36.947079,-120.063629
36.947079,-120.063629
40.080856,-82.869102
32.824862,-83.633469
41.817834,-69.976737
39.426247,-77.474678
38.3725462,-81.6548346
39.426247,-77.474678
31.642466,-85.043843
29.92181,-90.037392
29.92181,-90.037392
29.875920,-90.030435
33.41836,-82.049958
46.667824,-92.098312
25.780122,-80.194578
31.642466,-85.043843
46.667824,-92.098312
39.79193012,-86.21506243
42.0761400461,-71.0261392593
42.07594156265259,-71.02645576000214
36.15398,-95.992775
36.15398,-95.992775
41.25978341,-75.89518367
32.824862,-83.633469
39.480606,-86.054985
39.480606,-86.054985
31.642466,-85.043843
38.403297,-81.853565
38.306522,-85.693665
39.7792622333,-79.5317898
42.36837,-83.352707
38.306522,-85.693665
42.36837,-83.352707
40.469255,-75.866194
36.15398,-95.992775
40.009396,-75.516464
41.25978341,-75.89518367
40.009396,-75.516464
38.610928,-90.20488
38.610928,-90.20488
41.817833,-69.976738
41.817833,-69.976738
27.9960281,-82.4514921
42.0759415627,-71.02645576
39.414268,-77.410538
39.414268,-77.410538
32.874722222222225,-117.21277777777777
39.836549,-89.649480
27.805731,-82.748792
32.80218038333334,-96.8309649
40.108055,-74.329445
32.874722222222225,-117.21277777777777
39.813435,-77.222224
31.74632829,-103.1565179
40.108055,-74.329445
38.432709,-82.408684
38.432709,-82.408684
43.048788,-76.017517
29.943656,-90.090495
32.824862,-83.633469
32.203533,-90.291435
32.203533,-90.291435
42.0759415627,-71.02645576
43.720483,-116.249947
31.74632829,-103.1565179
42.77376651763916,-73.90160143375397
45.482774,-73.825598
33.901056,-117.241119
30.011813,-91.814226
35.0389745667,-82.07951785
32.349426,-111.018204
33.998796,-117.03939
26.2780523,-98.4345611
42.864334,-87.913864
41.25978341,-75.89518367
40.769245,-73.955917
41.04517,-81.457474
41.04517,-81.457474
42.253528,-83.608341
44.991974,-93.145981
39.954087,-75.200598
35.0389745667,-82.07951785
39.836548,-89.649483
33.719925,-112.206627
39.836548,-89.649483
40.769245,-73.955917
34.255481,-88.725614
40.82916365,-81.2990655
39.765430,-104.756188
42.0759415627,-71.02645576
33.719925,-112.206627
33.41836,-82.049958
26.2780523,-98.4345611
42.19249836666667,-71.1514893
41.308948,-81.820226
39.047222,-84.477501
42.253528,-83.608341
39.047222,-84.477501
42.0759415627,-71.02645576
35.623480,-87.066937
36.057029,-94.155574
30.080343,-94.16259
39.066944,-76.665558
39.066944,-76.665558
30.080343,-94.16259
42.18292,-71.164078
45.2756369,-93.3254528
33.998795,-117.039391
33.998795,-117.039391
31.281973,-92.47612
31.281973,-92.47612
26.167901,-81.140981
31.74632829,-103.1565179
31.592845,-102.891414
40.841975,-74.373497
41.701942,-72.53231
36.845947,-76.244404
32.735687,-97.108063
32.322308,-90.177399
32.735687,-97.108063
42.102509,-87.846693
41.701942,-72.53231
39.894562,-75.921902
39.261393,-84.796674
32.322308,-90.177399
41.6354552667,-83.6271031
33.836029,-84.249054
33.836029,-84.249054
39.261393,-84.796674
39.517545,-77.649310
35.275198,-81.404044
31.74632829,-103.1565179
-37.870445,144.739777
28.885500,-81.328807
39.066944,-76.665558
34.255482,-88.725616
34.255482,-88.725616
39.172722,-84.423042
32.39423,-90.114746
32.39423,-90.114746
39.172722,-84.423042
30.568497,-98.199425
32.322308,-90.177399
30.568497,-98.199425
42.253528,-83.608341
41.6354552667,-83.6271031
36.367718,-94.214381
29.800342,-95.564266
34.232524,-96.678002
33.410114,-91.061775
29.741446,-91.432892
33.410114,-91.061775
35.0389745667,-82.07951785
29.741446,-91.432892
40.86832707,-111.86228557
40.82916365,-81.2990655
25.780123,-80.19458
34.779507,-99.335365
29.741446,-91.432892
34.779507,-99.335365
25.780123,-80.19458
29.741446,-91.432892
25.780123,-80.19458
42.7737665176,-73.9016014338
40.456654,-79.933075
40.456654,-79.933075
40.306413,-78.830841
38.783333,-90.51667
38.783333,-90.51667
42.18292,-71.164078
40.306413,-78.830841
40.86839695,-111.86225236
29.993483,-90.473221
31.605811,-102.902196
39.606252,-105.014734
41.562145,-73.015972
29.993483,-90.473221
40.887071,-74.269123
27.618751,-99.4792949
27.856509,-97.641703
35.275198,-81.404044
40.030011,-74.224406
43.656259,-79.424326
33.905850,-118.178219
41.6354552667,-83.6271031
33.905850,-118.178219
42.7737665176,-73.9016014338
27.866137,-82.326485
37.639095,-120.99688
37.639095,-120.99688
27.618751,-99.4792949
36.5887213,-76.6888123833
27.866137,-82.326485
42.7737665176,-73.9016014338
32.759296,-97.797256
32.759296,-97.797256
30.492482,-97.695176
37.990764,-122.302381
31.74632829,-103.1565179
42.18292,-71.164078
42.469607,-82.9488963
37.990764,-122.302381
31.74632829,-103.1565179
32.349426,-111.018204
27.618751,-99.4792949
39.765442,-104.756187
39.765442,-104.756187
31.74632829,-103.1565179
35.128139,-89.856003
35.128139,-89.856003
35.250067,-97.4297
41.562145,-73.015968
42.469607,-82.9488963
41.562145,-73.015968
31.74632829,-103.1565179
38.403297,-81.853565
33.118553,-96.096199
33.118553,-96.096199
42.6762324,-83.2968862
31.74632829,-103.1565179
35.250067,-97.4297
31.74632829,-103.1565179
26.2780523,-98.4345611
30.011813,-91.814226
33.721406,-118.066882
30.48424,-90.482399
30.48424,-90.482399
42.6762324,-83.2968862
39.517545,-77.64931
36.031525,-94.935097
38.64855,-121.450569
42.469607,-82.9488963
36.031525,-94.935097
33.9272735,-118.2653024
31.968599,-99.90181
39.813534,-77.221929
39.927658,-122.179153
36.908624,-76.17386
29.402983,-98.645363
39.927658,-122.179153
29.402983,-98.645363
35.250067,-97.4297
34.523078,-117.393605
38.661243,-90.345347
31.845682,-102.367645
29.46236,-98.642891
31.845682,-102.367645
29.46236,-98.642891
38.403297,-81.853561
30.011812,-91.814224
30.011812,-91.814224
38.403297,-81.853561
46.826756,-92.259469
37.992359,-84.375237
37.992359,-84.375237
35.250067,-97.4297
38.64855,-121.450569
42.18292,-71.164078
33.9272735,-118.2653024
26.2780523,-98.4345611
42.110306,-88.034241
27.805731,-82.748795
29.46236,-98.642891
42.110306,-88.034241
27.805731,-82.748795
27.511238,-99.519135
27.511238,-99.519135
29.685668,-98.652263
36.273624,-76.286148
36.273624,-76.286148
33.987621,-82.297905
31.7465554,-103.1566889
39.44305,-80.168022
33.987621,-82.297905
38.437557,-82.387642
30.492482,-97.695176
38.308636166666666,-76.54043626666666
41.103380,-117.176627
41.589059,-87.726838
38.437557,-82.387642
42.581501,-71.346809
42.581501,-71.346809
33.9272735,-118.2653024
31.7465554,-103.1566889
41.140652,-73.32486
41.140652,-73.32486
39.517544,-77.649307
39.517544,-77.649307
39.2897059,-76.6093757
41.935318,-70.656715
41.935318,-70.656715
30.046333,-90.820914
46.826756,-92.259468
46.826756,-92.259468
52.889247,-1.411461
31.74630932,-103.15659405
41.943488,-70.659326
41.943488,-70.659326
41.8354209,-71.428766
39.517544,-77.649307
42.6762324,-83.2968862
35.582165,-88.845505
41.819265,-71.42449
40.306412,-78.830841
33.480619,-86.683240
35.794247,-83.562492
35.794247,-83.562492
34.947061,-86.633056
35.582165,-88.845505
40.306412,-78.830841
39.613319,-105.016647
39.2897059,-76.6093757
39.613319,-105.016647
35.399326,-78.815849
31.7465554,-103.1566889
33.439435,-88.578382
35.399326,-78.815849
35.220970,-97.504562
38.934247,-76.864787
29.793285,-95.478576
38.64855,-121.450569
29.762884,-95.383064
29.762884,-95.383064
37.741927,-84.151175
42.6762324,-83.2968862
32.724287,-97.423821
41.819265,-71.42449
31.7465554,-103.1566889
33.913812,-117.237745
32.427070216666664,-86.65110358333334
41.819263,-71.424492
33.90108,-117.241303
36.843578,-76.116296
31.642466,-85.043843
32.811576,-116.927325
27.866137,-82.326485
42.99073040485382,-78.82246255874634
33.90108,-117.241303
31.598294,-94.702669
31.642466,-85.043843
41.819263,-71.424492
42.99091279506683,-78.82209241390228
42.158857,-87.819284
32.349426,-111.018204
35.776263,-78.633129
31.598294,-94.702669
39.939661,-82.906683
38.908405,-121.325531
38.908405,-121.325531
33.175074,-86.263204
31.74630932,-103.15659405
27.896462,-82.826913
36.843578,-76.116296
35.776263,-78.633129
38.887146,-77.429823
27.901235,-82.822168
36.158867,-115.139305
39.810169,-86.204693
33.90108,-117.241303
36.158867,-115.139305
32.31559216976166,-102.26131618022919
35.250067,-97.4297
33.439434,-88.578384
39.2897059,-76.6093757
39.810169,-86.204693
37.644198,-79.548299
33.439434,-88.578384
39.961178,-82.998795
29.797200,-98.748944
33.41836,-82.049958
32.811576,-116.927325
35.250067,-97.4297
41.309153,-81.820222
36.158867,-115.139305
33.167094500000005,-86.260745
-37.812108,144.966531
33.296223,-86.843597
33.296223,-86.843597
40.55555738333334,-80.22676526666666
35.776263,-78.633129
31.598293,-94.702667
38.646992,-90.224968
31.598293,-94.702667
41.938598,-87.651688
42.319977,-71.655759
38.661243,-90.345347
39.939659,-82.906685
39.939659,-82.906685
35.140510,-90.030720
42.36837,-83.352707
39.756515,-84.191216
42.36837,-83.352707
33.41836,-82.049958
32.509312,-92.119301
41.309155,-81.820221
41.309155,-81.820221
36.843578,-76.116296
39.810169,-86.204693
28.955774,-81.995418
32.509312,-92.119301
40.75883,-73.978244
45.549595,-91.74897
32.8343944,-96.8672668
45.549595,-91.74897
29.615119,-98.531690
30.879522,-96.593885
40.604516,-73.570009
36.783336,-90.209142
32.811577,-116.927322
39.749612,-84.200161
37.937829,-90.789205
38.885412,-121.543437
32.811577,-116.927322
33.905849,-118.178223
33.905849,-118.178223
38.661243,-90.345345
40.5554538,-80.22680003333333
38.661243,-90.345345
32.779525,-96.799992
32.298756,-90.184807
30.275194,-89.781174
40.82916365,-81.2990655
33.118553,-96.096199
32.8343944,-96.8672668
32.298756,-90.184807
38.80651652812958,-97.5565767288208
42.095563733333336,-72.60516496666666
39.810169,-86.204693
40.386382,-111.821149
30.275194,-89.781174
33.118553,-96.096199
35.275198,-81.404044
37.937829,-90.789205
35.740775,-78.469979
33.548212,-101.872711
38.252666,-85.758453
38.252666,-85.758453
31.31431,-89.284642
39.759716,-86.404409
34.093938,-118.338480
38.252666,-85.758453
30.723274,-95.552005
29.984093,-90.152855
37.937477,-121.949409
29.984093,-90.152855
37.937477,-121.949409
29.7972,-98.748944
32.8343944,-96.8672668
32.5003559,-94.736632
34.0428650379,-117.499396205
31.31431,-89.284642
29.946142,-95.362549
36.5885285,-76.6885637
29.946142,-95.362549
35.884706,-99.288614
32.727703,-96.705475
41.41077804,-75.88827054
37.937828,-90.789207
35.036076,-89.817032
37.937828,-90.789207
42.09571773333333,-72.60508685
32.349426,-111.018204
34.0428650379,-117.499396205
35.036076,-89.817032
41.636215,-70.934204
36.5885285,-76.6885637
32.5003559,-94.736632
40.5554538,-80.2268000333
41.636215,-70.934204
29.946142,-95.362549
36.8644569,-83.8502043
33.590666,-84.377442
52.42631,-1.774759
33.440637,-111.972794
26.917524,-82.262811
31.642466,-85.043843
30.044405,-89.925546
40.5554538,-80.2268000333
33.440637,-111.972794
42.0957177333,-72.60508685
30.323609,-81.523384
33.590666,-84.377442
30.775202,-94.415474
30.775202,-94.415474
42.0957177333,-72.60508685
33.656859,-117.773861
35.275198,-81.404044
36.8644569,-83.8502043
27.856509,-97.641703
34.0428650379,-117.499396205
42.469607,-82.9488963
40.071018,-80.754173
28.527788,-81.365661
40.071018,-80.754173
34.093937,-118.338478
34.093937,-118.338478
33.54821,-101.872711
33.52434542,-86.8777653
28.521688,-81.379936
42.469607,-82.9488963
27.856509,-97.641703
30.358215,-89.1589769
36.321425,-95.767328
38.882778,-121.543465
38.882778,-121.543465
37.324005,-79.952637
40.5554538,-80.2268000333
30.358215,-89.1589769
35.285873,-97.443627
30.805466,-95.688019
37.324005,-79.952637
30.805466,-95.688019
31.31431,-89.284642
35.46756,-97.516426
36.5885285,-76.6885637
35.46756,-97.516426
40.045593,-86.008598
40.045593,-86.008598
40.861237,-96.678475
37.639371,-79.563475
40.316774,-76.386859
36.8644569,-83.8502043
32.50861111111111,-92.15861111111111
28.252918,-81.445005
35.285873,-97.443627
37.085519,-88.606102
35.275198,-81.404044
42.0957177333,-72.60508685
28.406676,-81.578704
37.639095,-120.99688
32.509312,-92.119301
37.639095,-120.99688
41.873887,-87.812418
35.7936065,-86.317392
40.340996,-87.400917
32.5003559,-94.736632
40.340996,-87.400917
35.805962,-86.384549
41.819263,-71.424492
33.590666,-84.377442
25.857595,-80.278107
30.358215,-89.1589769
25.857595,-80.278107
42.469607,-82.9488963
29.61512,-98.531693
29.61512,-98.531693
35.7936065,-86.317392
27.856509,-97.641703
41.393376,-87.262138
36.9554675,-84.59036
34.04288649559021,-117.49939620494843
27.941838,-82.468741
37.154808,-76.53363
25.744647,-80.415480
27.749551,-97.416174
32.503042,-92.153514
37.154808,-76.53363
29.670046,-91.091733
41.5900989,-87.507287
33.54821,-101.872711
36.854498,-76.277838
40.462102,-86.913781
32.654591,-93.669621
40.10667,-75.953056
40.10667,-75.953056
30.323608,-81.523384
30.323608,-81.523384
39.524326,-122.193596
36.1778277,-96.0086012
31.243788,-90.453156
36.854498,-76.277838
38.8065212,-97.5577468
27.749551,-97.416174
41.5900989,-87.507287
34.042983055114746,-117.49940156936646
40.933318,-72.681746
31.243788,-90.453156
28.09006503,-80.61090274
30.190975,-81.698910
39.524326,-122.193596
31.642466,-85.043843
38.6212468,-90.2526163
32.743911,-97.180656
32.743911,-97.180656
34.0701654,-117.9128725
35.805962,-86.384549
36.1778277,-96.0086012
41.819263,-71.424492
32.349426,-111.018204
29.797199,-98.748947
29.797199,-98.748947
40.933318,-72.681746
32.509312,-92.119301
38.566069,-90.397936
31.642466,-85.043843
40.306396,-78.830948
32.811452,-116.927319
41.363128,-72.104752
40.306396,-78.830948
42.418788,-71.009435
42.418788,-71.009435
41.5900989,-87.507287
34.0701654,-117.9128725
33.890102,-84.142975
36.783337,-90.209145
38.6212468,-90.2526163
38.566069,-90.397936
32.735687,-97.108063
36.783337,-90.209145
33.890102,-84.142975
32.735687,-97.108063
29.651634,-82.324829
29.651634,-82.324829
24.574194,-81.696632
32.503042,-92.153514
43.738419,7.424616
43.738419,7.424616
24.574194,-81.696632
36.158867,-115.139305
36.149772,-95.980770
31.231159,-89.386498
36.158867,-115.139305
30.402271,-88.973053
41.363128,-72.104752
-37.812108,144.966531
32.503042,-92.153514
37.63937,-79.563477
28.252918,-81.445005
37.63937,-79.563477
38.8065212,-97.5577468
29.793285,-95.478576
24.574194,-81.696632
42.583645,-83.245491
42.583645,-83.245491
36.158867,-115.139305
38.566069,-90.397936
39.341626,-82.991831
27.950256,-81.95328
40.933319,-72.681747
36.1778277,-96.0086012
40.933319,-72.681747
43.40272,-83.9330559
40.386253,-111.821068
40.386253,-111.821068
35.872341,-97.494015
43.03611,-70.832779
32.811451,-116.927322
41.573441,-73.053902
31.306537,-92.46043
30.187159,-85.770658
32.811451,-116.927322
43.03611,-70.832779
-37.812108,144.966531
43.40272,-83.9330559
38.368633,-93.778267
38.368633,-93.778267
36.9107,-76.175512
40.679592,-73.921288
31.306537,-92.46043
40.679592,-73.921288
37.804371,-122.270805
32.503042,-92.153514
37.804371,-122.270805
42.864334,-87.913864
38.8065212,-97.5577468
41.340489,-72.167631
42.864334,-87.913864
42.418789,-71.009438
35.671676,-79.833392
42.418789,-71.009438
41.102261,-87.844847
26.100554,-80.118254
35.80676903333333,-86.39793298333333
29.395227,-94.932605
42.990891337394714,-78.82215678691864
35.749222,-78.463951
35.749222,-78.463951
38.661243,-90.345345
35.671676,-79.833392
41.591817,-88.026081
38.661243,-90.345345
27.749551,-97.416174
34.0701654,-117.9128725
33.913812,-117.237745
30.450747,-91.154549
39.750960,-84.197431
36.764094,-76.595491
41.686929,-86.075698
38.6212468,-90.2526163
32.388221,-98.341241
41.107250,-80.648215
41.107250,-80.648215
33.606213,-86.204422
31.753234,-93.099664
32.460976,-84.987709
35.986987,-95.939941
32.460976,-84.987709
33.606213,-86.204422
29.984093,-90.152855
32.391277,-98.340887
38.946658,-76.906747
27.95617,-81.945174
29.984093,-90.152855
34.753045,-92.321942
30.358215,-89.1589769
34.0701654,-117.9128725
33.911218,-84.006079
37.88086955,-89.10710826666667
28.09006503,-80.61090274
36.148769,-95.982254
41.688376,-86.061483
35.577948,-82.543406
42.990907430648804,-78.82214605808258
36.148769,-95.982254
36.003588,-95.931689
40.679524,-73.968912
34.91415985,-81.9065057
39.2347154,-76.8952141
35.671676,-79.833392
39.054214,-94.686493
29.762884,-95.383064
36.843515038490295,-76.11637651920319
41.102261,-87.844847
40.016186,-80.742302
31.753234,-93.099664
43.40272,-83.9330559
29.762884,-95.383064
40.016186,-80.742302
35.8067690333,-86.3979329833
40.279081,-76.814041
42.44302055,-71.42635316666667
42.324425,-82.930717
42.324425,-82.930717
40.071018,-80.754173
39.25858838333333,-76.69448573333334
28.091563,-80.617314
40.071018,-80.754173
39.2347154,-76.8952141
34.26575068333333,-85.28718158333334
40.756496,-73.977122
28.830425,-96.971519
43.738419,7.424616
35.8067690333,-86.3979329833
43.738419,7.424616
41.41077394,-75.88827711
33.942041,-84.516741
38.242922,-85.704512
44.265976,-85.38307025
32.39423,-90.114746
40.413790,-86.832780
28.830426,-96.971516
39.740659,-105.043644
34.791613,-92.434091
32.39423,-90.114746
37.323641,-79.952764
27.650716,-97.302006
42.990907430648804,-78.82214605808258
32.427066733333334,-86.6511028
40.756496,-73.977122
31.753234,-93.099664
40.679524,-73.968912
28.091563,-80.617314
31.135916,-89.38523
44.834164,-87.377045
40.174938,-86.503119
40.174938,-86.503119
30.966530,31.171719
28.824036,-96.965569
44.834164,-87.377045
31.309335,-92.460114
39.693855,-84.696938
39.693855,-84.696938
40.413792,-86.832779
36.854498,-76.277838
43.5352613,-96.7387329
40.413792,-86.832779
35.8067690333,-86.3979329833
34.914341,-81.90658
33.4395294,-111.9613974
28.252918,-81.445005
38.946651,-76.906746
38.946651,-76.906746
38.93689757,-77.02935812
28.091562,-80.617317
41.688376,-86.061483
28.091562,-80.617317
34.914341,-81.90658
33.4395294,-111.9613974
41.722896,-87.620731
25.74472,-80.415565
25.74472,-80.415565
28.252918,-81.445005
41.482815,-87.332817
41.482815,-87.332817
28.09006503,-80.61090274
36.479817,-87.905239
40.016186,-80.742302
40.016186,-80.742302
37.820642,-88.94422
35.915371,-94.969955
40.071018,-80.754173
35.915371,-94.969955
41.102261,-87.844847
29.556669,-95.123834
32.743362,-96.888718
39.736189,-75.666364
40.071018,-80.754173
36.854498,-76.277838
33.59055555555556,-84.3775
39.611936,-104.782799
32.743362,-96.888718
40.416702,-86.87529
40.416702,-86.87529
38.9135542,-77.5020933
28.09006503,-80.61090274
35.5779396,-82.5434051
37.323641,-79.952764
34.914341,-81.90658
40.679524,-73.968912
39.693855,-84.696938
39.693855,-84.696938
36.433647,-99.390388
37.639095,-120.99688
37.639095,-120.99688
33.4395294,-111.9613974
28.252918,-81.445005
36.433647,-99.390388
38.9135542,-77.5020933
39.736191,-75.666367
40.679524,-73.968912
39.736191,-75.666367
36.148663,-95.982674
42.954899,-115.300903
42.954899,-115.300903
36.148663,-95.982674
33.5236659,-86.8764366
32.654591,-93.669624
32.654591,-93.669624
